"","model","S001","S002","S003","R002","R002_sd","R003","R004","R005","R005A","R005B","R005C","R005D","R005E","R006","R007","R008","R009","R010","R011","R011_sd","R012","R012_sd","R013","R013_sd","R014","R014_sd","R015","R015_sd","R016","R016_sd","R017","R017_sd","R018","R018_sd","R019","R019_sd","R020","R020_sd","R021","R021_sd","R022","R022_sd","R023","R023_sd","R024","R024_sd","R025","R025_sd","R026","R026_sd","R027","R027_sd","R028","R028_sd","R029","R029_sd","P001","P002","P003","P004","P005","P006","P007","P008","P009","P010","P011","P012","P013","P014","P015","P017","P018","P019","P020","P021","P022","P023","P024","P025","P026","P027","P028","P029","P030","P031","P032","P033","P034","P035","P036","P037","P038","P039","P043","P044","P045","P046","P047","P048","P049","P050","P051","P052","P053","P054","P055","P056","P057","P058","P059","P060","P061","P062","P063","P065","R001","X","X.1","X.2","X.3","X.4","X.5","X.6","X.7","X.8","X.9","X.10","X.11","X.12","X.13","X.14","X.15","X.16","X.17","X.18","X.19","X.20","X.21","X.22","X.23","X.24","X.25","X.26","X.27","X.28","X.29","X.30","X.31","X.32","group"
"1","WF-229","W","F",NA,22.92,NA,0.96,0.04,0,NA,NA,NA,NA,NA,0,0.04,0.16,0,0.8,2.44,NA,1.875,NA,2.68,NA,3.32,NA,1.88,NA,2.173913043,NA,3.916666667,NA,1.72,NA,2.291666667,NA,2.468085106,NA,2.708333333,NA,".",NA,1.84,NA,1.583333333,NA,3.2,NA,3.48,NA,NA,NA,NA,NA,NA,NA,180,220.5,226.5,120.5,1171,70.5,65.5,68,185,178.5,181.75,643.5,455.5,797.5,466.5,402.5,485.5,463,22.5,331,341,336,10,NA,216,426,422.5,424.25,357.5,352.5,355,NA,NA,NA,NA,NA,NA,NA,NA,NA,NA,NA,NA,NA,NA,NA,0.549530316,1.41273326,0.973509934,0.102903501,0.374140303,0.058070026,0.398377455,0.286934244,0.184457728,0.303159693,0.362297182,188,0.388983775,1.98136646,25,NA,NA,NA,NA,NA,NA,NA,NA,NA,NA,NA,NA,NA,NA,NA,NA,NA,NA,NA,NA,NA,NA,NA,NA,NA,NA,NA,NA,NA,NA,NA,NA,NA,"WF"
"2","WM-243","W","M",NA,31.44,NA,0,1,0,NA,NA,NA,NA,NA,0,0.166666667,0.041666667,0.041666667,0.75,1.88,NA,3.2,NA,3.16,NA,1.84,NA,2.375,NA,3.88,NA,1.76,NA,1.76,NA,4.652173913,NA,2.409836066,NA,2.2,NA,".",NA,1.6,NA,3.56,NA,2.56,NA,3.36,NA,NA,NA,NA,NA,NA,NA,151.5,222.5,268,93.5,1149,59.5,60.5,60,168,169.5,168.75,627,495.5,809,447,423.5,463.5,467,3.5,371,367,369,4,NA,245,443.5,450.5,447,376.5,372.5,374.5,NA,NA,NA,NA,NA,NA,NA,NA,NA,NA,NA,NA,NA,NA,NA,0.545691906,1.265388496,0.830223881,0.081375109,0.355555556,0.052219321,0.389033943,0.321148825,0.213228895,0.325935596,0.389033943,131.5,0.43124456,1.910271547,24,NA,NA,NA,NA,NA,NA,NA,NA,NA,NA,NA,NA,NA,NA,NA,NA,NA,NA,NA,NA,NA,NA,NA,NA,NA,NA,NA,NA,NA,NA,NA,NA,NA,"WM"
"3","WM-211","W","M",NA,27.79310345,NA,0.034482759,0.965517241,0,NA,NA,NA,NA,NA,0,0.034482759,0,0,0.965517241,1.785714286,NA,1.535714286,NA,3.464285714,NA,2.068965517,NA,1.464285714,NA,2.689655172,NA,1.75862069,NA,1.965517241,NA,4.607142857,NA,3.807692308,NA,1.620689655,NA,".",NA,1.586206897,NA,1.896551724,NA,3.172413793,NA,3.344827586,NA,NA,NA,NA,NA,NA,NA,167,210.5,272.5,133.5,1239,70,69,69.5,177,177.5,177.25,668,499,805,484.5,432,481.5,485,3.5,388,390,389,2,NA,224.5,464,462.5,463.25,381.5,394,387.75,NA,NA,NA,NA,NA,NA,NA,NA,NA,NA,NA,NA,NA,NA,NA,0.539144471,1.338677355,0.772477064,0.107748184,0.392101551,0.056093624,0.391041162,0.313962873,0.181194512,0.312953995,0.373890234,169,0.402744149,1.863425926,29,NA,NA,NA,NA,NA,NA,NA,NA,NA,NA,NA,NA,NA,NA,NA,NA,NA,NA,NA,NA,NA,NA,NA,NA,NA,NA,NA,NA,NA,NA,NA,NA,NA,"WM"
"4","WM-002","W","M",NA,30.43209877,NA,0,1,0.024691358,NA,NA,NA,NA,NA,0,0.061728395,0.037037037,0.24691358,0.62962963,2.0375,NA,3.569620253,NA,2.5125,NA,1.7875,NA,3.025,NA,3.857142857,NA,1.696202532,NA,2.0125,NA,4.875,NA,1.872727273,NA,2.775,NA,"3.038461538",NA,1.7875,NA,3.525,NA,2.975,NA,3.3125,NA,NA,NA,NA,NA,NA,NA,156.5,216.5,244.5,130.5,1164.5,53,55,54,165,164.5,164.75,690,673,769,441.5,406,449.5,455.5,6,370.5,383.5,377,13,NA,204.5,511,509,510,367,375,371,NA,NA,NA,NA,NA,NA,NA,NA,NA,NA,NA,NA,NA,NA,NA,0.592528982,1.02526003,0.885480573,0.112065264,0.327769347,0.046371833,0.379132675,0.323744096,0.175611851,0.31859167,0.437956204,0.01459854,0.577930442,1.89408867,81,NA,NA,NA,NA,NA,NA,NA,NA,NA,NA,NA,NA,NA,NA,NA,NA,NA,NA,NA,NA,NA,NA,NA,NA,NA,NA,NA,NA,NA,NA,NA,NA,NA,"WM"
"5","WM-026","W","M",NA,25.68604651,NA,0,1,0,NA,NA,NA,NA,NA,0,0.011627907,0.011627907,0,0.976744186,2.011627907,NA,2.372093023,NA,3.093023256,NA,2.209302326,NA,2.11627907,NA,3.230769231,NA,2.406976744,NA,2.534883721,NA,4.162790698,NA,4.0625,NA,2.569767442,NA,"3.884615385",NA,1.918604651,NA,2.523255814,NA,3.174418605,NA,3.26744186,NA,NA,NA,NA,NA,NA,NA,148.5,230,278,131,1205,63.5,65,64.25,163.5,165,164.25,674.5,533,792,486.5,459.5,473.5,460,13.5,399.5,393,396.25,6.5,NA,193,497,486,491.5,402.5,386.5,394.5,NA,NA,NA,NA,NA,NA,NA,NA,NA,NA,NA,NA,NA,NA,NA,0.559751037,1.265478424,0.827338129,0.108713693,0.391171994,0.053319502,0.40373444,0.328838174,0.160165975,0.327385892,0.407883817,0.117427386,0.442323651,1.723612622,86,NA,NA,NA,NA,NA,NA,NA,NA,NA,NA,NA,NA,NA,NA,NA,NA,NA,NA,NA,NA,NA,NA,NA,NA,NA,NA,NA,NA,NA,NA,NA,NA,NA,"WM"
"6","WM-036","W","M",NA,22.6627907,NA,0.011764706,0.988235294,0,NA,NA,NA,NA,NA,0,0.034883721,0.011627907,0.023255814,0.930232558,2.081395349,NA,2.360465116,NA,2.76744186,NA,2.329411765,NA,2.11627907,NA,2.407407407,NA,2.395348837,NA,1.906976744,NA,3.88372093,NA,2.956521739,NA,3.325581395,NA,"3.346153846",NA,1.755813953,NA,2.430232558,NA,2.825581395,NA,3.244186047,NA,NA,NA,NA,NA,NA,NA,139,230.5,246,139,1169.5,48.5,51,49.75,151,156.5,153.75,659.5,545,784.5,398.5,429.5,396,411,15,382,390.5,386.25,8.5,NA,233,537,547.5,542.25,296.5,327.5,312,NA,NA,NA,NA,NA,NA,NA,NA,NA,NA,NA,NA,NA,NA,NA,0.563916204,1.210091743,0.93699187,0.118854211,0.323577236,0.042539547,0.340743908,0.330269346,0.19923044,0.266780676,0.463659684,0.097905088,0.466011116,1.826542491,86,NA,NA,NA,NA,NA,NA,NA,NA,NA,NA,NA,NA,NA,NA,NA,NA,NA,NA,NA,NA,NA,NA,NA,NA,NA,NA,NA,NA,NA,NA,NA,NA,NA,"WM"
"7","WF-235","W","F",NA,29.61538462,NA,1,0,0,NA,NA,NA,NA,NA,0,0.16,0.2,0.08,0.56,2.5,NA,2.692307692,NA,2.961538462,NA,2.807692308,NA,2.576923077,NA,3.153846154,NA,3.692307692,NA,2.68,NA,2.923076923,NA,1.764705882,NA,2.807692308,NA,".",NA,2.384615385,NA,2.807692308,NA,3.72,NA,3.230769231,NA,NA,NA,NA,NA,NA,NA,168,216,250,107.5,1183.5,57,66.5,61.75,156.5,157.5,157,596,459.5,792,455,428,458.5,464.5,6,364.5,354.5,359.5,10,NA,258.5,472.5,468.5,470.5,350,346,348,NA,NA,NA,NA,NA,NA,NA,NA,NA,NA,NA,NA,NA,NA,NA,0.503591044,1.297062024,0.864,0.090832277,0.393312102,0.05217575,0.384452894,0.303760034,0.218419941,0.294043093,0.397549641,136.5,0.388255175,1.85046729,25,NA,NA,NA,NA,NA,NA,NA,NA,NA,NA,NA,NA,NA,NA,NA,NA,NA,NA,NA,NA,NA,NA,NA,NA,NA,NA,NA,NA,NA,NA,NA,NA,NA,"WF"
"8","WM-038","W","M",NA,25.51685393,NA,0.011235955,0.988764045,0,NA,NA,NA,NA,NA,0,0.011363636,0,0,0.988636364,1.93258427,NA,2.862068966,NA,2.617977528,NA,2.078651685,NA,2.280898876,NA,3.285714286,NA,2.123595506,NA,1.842696629,NA,4.465909091,NA,4.25,NA,3,NA,"3.846153846",NA,1.494382022,NA,2.786516854,NA,2.966292135,NA,3.125,NA,NA,NA,NA,NA,NA,NA,157,211,230,87,1079.5,52,49.5,50.75,149,153.5,151.25,662,644,774,382,389,383,374.5,8.5,344.5,355.5,350,11,NA,251.5,477.5,485,481.25,312,305,308.5,NA,NA,NA,NA,NA,NA,NA,NA,NA,NA,NA,NA,NA,NA,NA,0.613246874,1.027950311,0.917391304,0.080592867,0.33553719,0.047012506,0.353867531,0.324224178,0.232978231,0.285780454,0.445808245,0.016674386,0.596572487,1.989717224,88,NA,NA,NA,NA,NA,NA,NA,NA,NA,NA,NA,NA,NA,NA,NA,NA,NA,NA,NA,NA,NA,NA,NA,NA,NA,NA,NA,NA,NA,NA,NA,NA,NA,"WM"
"9","WF-012","W","F",NA,23.17525773,NA,1,0,0.010416667,NA,NA,NA,NA,NA,0,0.041666667,0,0.010416667,0.9375,2.536842105,NA,2.789473684,NA,4.663157895,NA,2.831578947,NA,2.684210526,NA,2.555555556,NA,5.430107527,NA,2.473684211,NA,1.852631579,NA,3.804878049,NA,3.589473684,NA,"4.384615385",NA,1.831578947,NA,2.094736842,NA,3.8,NA,3.107526882,NA,NA,NA,NA,NA,NA,NA,159,199.5,260,115,1063.5,55,57,56,158.5,157.5,158,692.5,598,779,411,417.5,349.5,424.5,75,363.5,376,369.75,12.5,NA,153,427,430.5,428.75,340,329,334.5,NA,NA,NA,NA,NA,NA,NA,NA,NA,NA,NA,NA,NA,NA,NA,0.651151857,1.158026756,0.767307692,0.108133521,0.35443038,0.052656323,0.386459803,0.347672779,0.143864598,0.314527504,0.403149976,0.088857546,0.562294311,1.865868263,96,NA,NA,NA,NA,NA,NA,NA,NA,NA,NA,NA,NA,NA,NA,NA,NA,NA,NA,NA,NA,NA,NA,NA,NA,NA,NA,NA,NA,NA,NA,NA,NA,NA,"WF"
"10","WM-006","W","M",NA,25.64534884,NA,0,1,0,NA,NA,NA,NA,NA,0,0.023255814,0.011627907,0.011627907,0.953488372,1.965116279,NA,2.441860465,NA,3.511627907,NA,3.046511628,NA,2.023809524,NA,3.476190476,NA,2.581395349,NA,2.752941176,NA,4.476744186,NA,3.857142857,NA,2.44047619,NA,"3.884615385",NA,1.755813953,NA,2.476744186,NA,3.430232558,NA,2.929411765,NA,NA,NA,NA,NA,NA,NA,148.5,231.5,247,86.5,1099.5,52.5,52.5,52.5,143.5,148,145.75,679,587.5,807.5,401.5,416,340,393.5,53.5,368,365,366.5,3,NA,229.5,489,481,485,339.5,328.5,334,NA,NA,NA,NA,NA,NA,NA,NA,NA,NA,NA,NA,NA,NA,NA,0.617553433,1.155744681,0.937246964,0.078672124,0.360205832,0.047748977,0.365165985,0.333333333,0.208731241,0.303774443,0.441109595,0.083219645,0.534333788,1.941105769,86,NA,NA,NA,NA,NA,NA,NA,NA,NA,NA,NA,NA,NA,NA,NA,NA,NA,NA,NA,NA,NA,NA,NA,NA,NA,NA,NA,NA,NA,NA,NA,NA,NA,"WM"
"11","WM-241","W","M",NA,34.25925926,NA,0,1,0,NA,NA,NA,NA,NA,0,0,0,0,1,2,NA,3.461538462,NA,3,NA,1.888888889,NA,2.037037037,NA,4.037037037,NA,2,NA,2.259259259,NA,4.703703704,NA,4.042553191,NA,2.259259259,NA,".",NA,1.576923077,NA,3,NA,3.111111111,NA,2.925925926,NA,NA,NA,NA,NA,NA,NA,169,198,266.5,107.5,1242,53.5,54,53.75,171.5,170.5,171,636,463.5,791,529,427,521.5,525,3.5,400.5,404.5,402.5,4,NA,204.5,462,468.5,465.25,481,471.5,476.25,NA,NA,NA,NA,NA,NA,NA,NA,NA,NA,NA,NA,NA,NA,NA,0.512077295,1.372168285,0.742964353,0.086553945,0.314327485,0.043276973,0.425925926,0.324074074,0.164653784,0.383454106,0.374597424,172.5,0.373188406,1.852459016,27,NA,NA,NA,NA,NA,NA,NA,NA,NA,NA,NA,NA,NA,NA,NA,NA,NA,NA,NA,NA,NA,NA,NA,NA,NA,NA,NA,NA,NA,NA,NA,NA,NA,"WM"
"12","WM-028","W","M",NA,24.92682927,NA,0.012345679,0.987654321,0.086419753,NA,NA,NA,NA,NA,0,0.148148148,0.049382716,0.296296296,0.419753086,2.525,NA,2.5625,NA,3.2,NA,2.55,NA,2.5375,NA,2.636363636,NA,2.2,NA,2.6375,NA,4.2625,NA,2.022222222,NA,3.075,NA,"3.461538462",NA,2.3875,NA,2.4125,NA,3.55,NA,2.9,NA,NA,NA,NA,NA,NA,NA,145,225,276.5,92.5,1055.5,66,64,65,171.5,172,171.75,672,614.5,783,350,439,391.5,375.5,16,375,379.5,377.25,4.5,NA,214,452,467,459.5,310,301,305.5,NA,NA,NA,NA,NA,NA,NA,NA,NA,NA,NA,NA,NA,NA,NA,0.636665088,1.09357201,0.813743219,0.087636191,0.37845706,0.061582189,0.3315964,0.357413548,0.202747513,0.289436286,0.435338702,0.054476551,0.582188536,1.783599089,81,NA,NA,NA,NA,NA,NA,NA,NA,NA,NA,NA,NA,NA,NA,NA,NA,NA,NA,NA,NA,NA,NA,NA,NA,NA,NA,NA,NA,NA,NA,NA,NA,NA,"WM"
"13","WF-020","W","F",NA,26.02222222,NA,0.988764045,0.011235955,0.011235955,NA,NA,NA,NA,NA,0,0,0,0.011235955,0.97752809,2.505617978,NA,2.617977528,NA,3.325842697,NA,2.573033708,NA,2.875,NA,2.52,NA,4.382022472,NA,2.584269663,NA,2.352272727,NA,3.78,NA,2.954545455,NA,"3.84",NA,2.04494382,NA,2.409090909,NA,3.617977528,NA,2.842696629,NA,NA,NA,NA,NA,NA,NA,162,202,256.5,102.5,1094.5,56,53.5,54.75,152,160,156,657,543,789,397,392,405,443,38,351,349,350,2,NA,227,467.5,471.5,469.5,333.5,349,341.25,NA,NA,NA,NA,NA,NA,NA,NA,NA,NA,NA,NA,NA,NA,NA,0.600274098,1.209944751,0.787524366,0.093650069,0.350961538,0.050022841,0.362722704,0.319780722,0.20740064,0.311786204,0.428962997,0.104157149,0.496116948,2.012755102,89,NA,NA,NA,NA,NA,NA,NA,NA,NA,NA,NA,NA,NA,NA,NA,NA,NA,NA,NA,NA,NA,NA,NA,NA,NA,NA,NA,NA,NA,NA,NA,NA,NA,"WF"
"14","WF-243","W","F",NA,26.48,NA,1,0,0,NA,NA,NA,NA,NA,0,0,0,0,1,2,NA,2.16,NA,4.36,NA,2.48,NA,1.72,NA,2.68,NA,5.28,NA,3.583333333,NA,1.56,NA,4.341463415,NA,2.52,NA,".",NA,2.04,NA,2.12,NA,4,NA,2.833333333,NA,NA,NA,NA,NA,NA,NA,173,213.5,297.5,97,1142.5,60,57.5,58.75,165.5,164.5,165,618,483.5,767,418,476,416.5,421.5,5,414,403,408.5,11,NA,220,459,446.5,452.75,329,328,328.5,NA,NA,NA,NA,NA,NA,NA,NA,NA,NA,NA,NA,NA,NA,NA,0.540919037,1.278179938,0.717647059,0.084901532,0.356060606,0.051422319,0.365864333,0.357549234,0.192560175,0.287527352,0.396280088,134.5,0.423194748,1.611344538,25,NA,NA,NA,NA,NA,NA,NA,NA,NA,NA,NA,NA,NA,NA,NA,NA,NA,NA,NA,NA,NA,NA,NA,NA,NA,NA,NA,NA,NA,NA,NA,NA,NA,"WF"
"15","WF-001","W","F",NA,24.94949495,NA,0.96969697,0.03030303,0,NA,NA,NA,NA,NA,0,0,0,0.01010101,0.98989899,2.25,NA,3.197916667,NA,3.105263158,NA,1.989583333,NA,2.583333333,NA,3,NA,3.864583333,NA,2.072916667,NA,3.010416667,NA,4.266666667,NA,2.875,NA,"3.6",NA,1.84375,NA,2.9375,NA,3.302083333,NA,2.802083333,NA,NA,NA,NA,NA,NA,NA,158,188,251,65,1055,66,66.5,66.25,160,162.5,161.25,671,542,791,423,444,483,457,26,369,366.5,367.75,2.5,NA,194.5,439,425,432,388.5,371.5,380,NA,NA,NA,NA,NA,NA,NA,NA,NA,NA,NA,NA,NA,NA,NA,0.636018957,1.23800738,0.749003984,0.061611374,0.410852713,0.062796209,0.400947867,0.348578199,0.18436019,0.360189573,0.409478673,0.122274882,0.513744076,1.781531532,99,NA,NA,NA,NA,NA,NA,NA,NA,NA,NA,NA,NA,NA,NA,NA,NA,NA,NA,NA,NA,NA,NA,NA,NA,NA,NA,NA,NA,NA,NA,NA,NA,NA,"WF"
"16","WF-006","W","F",NA,24.33684211,NA,1,0,0,NA,NA,NA,NA,NA,0,0.042105263,0.010526316,0.010526316,0.936842105,2.967391304,NA,2.602150538,NA,3.478723404,NA,2.414893617,NA,2.255319149,NA,2.307692308,NA,4.606382979,NA,2.172043011,NA,2.031914894,NA,3.605263158,NA,3.580645161,NA,"4.076923077",NA,1.968085106,NA,2.127659574,NA,3.606382979,NA,2.765957447,NA,NA,NA,NA,NA,NA,NA,162,179,267,92,1081,76,78.5,77.25,172,170.5,171.25,665.5,544,776,417,441,410,426.5,16.5,368,371.5,369.75,3.5,NA,176,434,443,438.5,361,370,365.5,NA,NA,NA,NA,NA,NA,NA,NA,NA,NA,NA,NA,NA,NA,NA,0.615633673,1.223345588,0.670411985,0.085106383,0.451094891,0.07146161,0.385753932,0.342044403,0.162812211,0.338112858,0.405642923,0.11239593,0.503237743,1.759637188,95,NA,NA,NA,NA,NA,NA,NA,NA,NA,NA,NA,NA,NA,NA,NA,NA,NA,NA,NA,NA,NA,NA,NA,NA,NA,NA,NA,NA,NA,NA,NA,NA,NA,"WF"
"17","WF-016","W","F",NA,25.41111111,NA,1,0,0,NA,NA,NA,NA,NA,0,0.590909091,0.022727273,0.022727273,0.363636364,2.04494382,NA,3.426966292,NA,3.707865169,NA,2.539325843,NA,2.775280899,NA,3.954545455,NA,4.528089888,NA,2.629213483,NA,2.488636364,NA,1.875,NA,2.784090909,NA,"3.307692308",NA,1.741573034,NA,3.011235955,NA,3.238636364,NA,2.761363636,NA,NA,NA,NA,NA,NA,NA,151,198.5,236.5,121.5,1043,55.5,59,57.25,166,166,166,682,609.5,790,367.5,422,356,356.5,0.5,359.5,348,353.75,11.5,NA,187,453,439.5,446.25,310,316,313,NA,NA,NA,NA,NA,NA,NA,NA,NA,NA,NA,NA,NA,NA,NA,0.65388303,1.118949959,0.839323467,0.116490892,0.344879518,0.054889741,0.352348993,0.339165868,0.179290508,0.300095877,0.427852349,0.069511026,0.584372004,1.872037915,88,NA,NA,NA,NA,NA,NA,NA,NA,NA,NA,NA,NA,NA,NA,NA,NA,NA,NA,NA,NA,NA,NA,NA,NA,NA,NA,NA,NA,NA,NA,NA,NA,NA,"WF"
"18","WM-032","W","M",NA,25.49425287,NA,0,1,0,NA,NA,NA,NA,NA,0,0,0,0,1,1.816091954,NA,1.850574713,NA,2.643678161,NA,3.252873563,NA,1.88372093,NA,3.12,NA,1.885057471,NA,3.686046512,NA,4.517241379,NA,3.933333333,NA,2.058139535,NA,"4.038461538",NA,1.954022989,NA,2.186046512,NA,3.563218391,NA,2.73255814,NA,NA,NA,NA,NA,NA,NA,161.5,228,246.5,81,1079.5,45.5,40.5,43,151,149,150,657,617.5,776,380.5,398.5,424,449.5,25.5,370,370.5,370.25,0.5,NA,240.5,465,459,462,350.5,395.5,373,NA,NA,NA,NA,NA,NA,NA,NA,NA,NA,NA,NA,NA,NA,NA,0.6086151,1.063967611,0.92494929,0.075034738,0.286666667,0.039833256,0.352477999,0.342982862,0.222788328,0.345530338,0.427975915,0.036591014,0.572024085,1.947302384,87,NA,NA,NA,NA,NA,NA,NA,NA,NA,NA,NA,NA,NA,NA,NA,NA,NA,NA,NA,NA,NA,NA,NA,NA,NA,NA,NA,NA,NA,NA,NA,NA,NA,"WM"
"19","WF-225","W","F",NA,26.22222222,NA,1,0,0,NA,NA,NA,NA,NA,0,0,0,0.037037037,0.962962963,3.148148148,NA,3.148148148,NA,2.62962963,NA,1.777777778,NA,3.333333333,NA,1.962962963,NA,4.115384615,NA,1.555555556,NA,2.074074074,NA,3.355555556,NA,3.96,NA,".",NA,1.703703704,NA,1.888888889,NA,3.111111111,NA,2.703703704,NA,NA,NA,NA,NA,NA,NA,182,237.5,298,122.5,1208,64.5,64.5,64.5,170.5,164.5,167.5,623.5,469,807,411,452,471,482.5,11.5,400.5,387.5,394,13,NA,233,459,464.5,461.75,376.5,385,380.75,NA,NA,NA,NA,NA,NA,NA,NA,NA,NA,NA,NA,NA,NA,NA,0.516142384,1.329424307,0.796979866,0.101407285,0.385074627,0.05339404,0.340231788,0.32615894,0.192880795,0.315190397,0.382243377,154.5,0.388245033,1.78539823,27,NA,NA,NA,NA,NA,NA,NA,NA,NA,NA,NA,NA,NA,NA,NA,NA,NA,NA,NA,NA,NA,NA,NA,NA,NA,NA,NA,NA,NA,NA,NA,NA,NA,"WF"
"20","WM-232","W","M",NA,23.2962963,NA,0,1,0,NA,NA,NA,NA,NA,0,0,0,0,1,2.666666667,NA,3.538461538,NA,2.592592593,NA,2.703703704,NA,2.925925926,NA,2.592592593,NA,1.740740741,NA,1.888888889,NA,4.37037037,NA,3.625,NA,3.407407407,NA,".",NA,1.851851852,NA,3.037037037,NA,2.777777778,NA,2.703703704,NA,NA,NA,NA,NA,NA,NA,175,220.5,255,128,1184,59,61,60,165.5,166,165.75,655,485,799,425.5,436,443.5,435.5,8,399,401,400,2,NA,221,478.5,474,476.25,352,353.5,352.75,NA,NA,NA,NA,NA,NA,NA,NA,NA,NA,NA,NA,NA,NA,NA,0.553209459,1.350515464,0.864705882,0.108108108,0.36199095,0.050675676,0.359375,0.337837838,0.186655405,0.297930743,0.402238176,170,0.409628378,1.832568807,27,NA,NA,NA,NA,NA,NA,NA,NA,NA,NA,NA,NA,NA,NA,NA,NA,NA,NA,NA,NA,NA,NA,NA,NA,NA,NA,NA,NA,NA,NA,NA,NA,NA,"WM"
"21","WF-009","W","F",NA,23.30526316,NA,0.968085106,0.031914894,0,NA,NA,NA,NA,NA,0,0,0.010638298,0,0.989361702,2.956521739,NA,2.138297872,NA,3.191489362,NA,2.925531915,NA,2.11827957,NA,1.8,NA,4.074468085,NA,2.212765957,NA,2.436170213,NA,3.717391304,NA,3.319148936,NA,"3.769230769",NA,1.872340426,NA,2.074468085,NA,3.436170213,NA,2.691489362,NA,NA,NA,NA,NA,NA,NA,150.5,199.5,236.5,113,1085,56,57,56.5,152,146,149,675.5,572.5,790.5,411.5,414,432.5,412,20.5,352,367.5,359.75,15.5,NA,192,466,462.5,464.25,348.5,346.5,347.5,NA,NA,NA,NA,NA,NA,NA,NA,NA,NA,NA,NA,NA,NA,NA,0.622580645,1.179912664,0.843551797,0.104147465,0.379194631,0.052073733,0.379262673,0.33156682,0.176958525,0.320276498,0.427880184,0.094930876,0.52764977,1.90942029,94,NA,NA,NA,NA,NA,NA,NA,NA,NA,NA,NA,NA,NA,NA,NA,NA,NA,NA,NA,NA,NA,NA,NA,NA,NA,NA,NA,NA,NA,NA,NA,NA,NA,"WF"
"22","WM-025","W","M",NA,21.12359551,NA,0.011235955,0.988764045,0,NA,NA,NA,NA,NA,0,0.011235955,0,0,0.988764045,2.227272727,NA,1.931818182,NA,2.784090909,NA,3.102272727,NA,1.793103448,NA,1.791666667,NA,2.75862069,NA,2.818181818,NA,3.715909091,NA,4.137254902,NA,2.443181818,NA,"3.884615385",NA,1.886363636,NA,1.784090909,NA,3.488636364,NA,2.681818182,NA,NA,NA,NA,NA,NA,NA,151.5,215.5,260,81,1096.5,57,61,59,156,159,157.5,660.5,540,775,387.5,451,420.5,416,4.5,386,388.5,387.25,2.5,NA,210,475.5,462,468.75,350.5,343.5,347,NA,NA,NA,NA,NA,NA,NA,NA,NA,NA,NA,NA,NA,NA,NA,0.602371181,1.223148148,0.828846154,0.073871409,0.374603175,0.05380757,0.353397173,0.353169175,0.191518468,0.316461468,0.42749658,0.109895121,0.49247606,1.718403548,89,NA,NA,NA,NA,NA,NA,NA,NA,NA,NA,NA,NA,NA,NA,NA,NA,NA,NA,NA,NA,NA,NA,NA,NA,NA,NA,NA,NA,NA,NA,NA,NA,NA,"WM"
"23","WM-257","W","M",NA,30.03703704,NA,0,1,0,NA,NA,NA,NA,NA,0,0.111111111,0.037037037,0,0.851851852,1.925925926,NA,1.333333333,NA,3.740740741,NA,2.28,NA,1.185185185,NA,2.185185185,NA,1.814814815,NA,2.518518519,NA,4.346153846,NA,3.081632653,NA,2.518518519,NA,".",NA,1.740740741,NA,1.555555556,NA,3.923076923,NA,2.666666667,NA,NA,NA,NA,NA,NA,NA,172,220,229,96.5,1161,61.5,57.5,59.5,168.5,162,165.25,655.5,528.5,812,456,412,475.5,481,5.5,363.5,366.5,365,3,NA,246.5,456,464,460,375,374.5,374.75,NA,NA,NA,NA,NA,NA,NA,NA,NA,NA,NA,NA,NA,NA,NA,0.564599483,1.240302744,0.96069869,0.083118002,0.360060514,0.051248923,0.392764858,0.314384152,0.212316968,0.322782084,0.396210164,127,0.455211025,1.970873786,27,NA,NA,NA,NA,NA,NA,NA,NA,NA,NA,NA,NA,NA,NA,NA,NA,NA,NA,NA,NA,NA,NA,NA,NA,NA,NA,NA,NA,NA,NA,NA,NA,NA,"WM"
"24","WM-240","W","M",NA,34.38461538,NA,0,1,0,NA,NA,NA,NA,NA,0,0,0,0,1,3.384615385,NA,2.2,NA,3.346153846,NA,2.192307692,NA,2.038461538,NA,2.730769231,NA,1.92,NA,1.76,NA,4.5,NA,3.489361702,NA,4.153846154,NA,".",NA,1.730769231,NA,2.230769231,NA,3.5,NA,2.653846154,NA,NA,NA,NA,NA,NA,NA,177,204.5,248,117.5,1161,61.5,62.5,62,170,165.5,167.75,646.5,547.5,789,407.5,420,399,417,18,375.5,379.5,377.5,4,NA,243,473.5,480.5,477,288,329.5,308.75,NA,NA,NA,NA,NA,NA,NA,NA,NA,NA,NA,NA,NA,NA,NA,0.556847545,1.180821918,0.824596774,0.101205857,0.369597615,0.053402239,0.350990525,0.325150732,0.209302326,0.265934539,0.410852713,99,0.471576227,1.878571429,26,NA,NA,NA,NA,NA,NA,NA,NA,NA,NA,NA,NA,NA,NA,NA,NA,NA,NA,NA,NA,NA,NA,NA,NA,NA,NA,NA,NA,NA,NA,NA,NA,NA,"WM"
"25","WM-003","W","M",NA,23.3452381,NA,0,1,0,NA,NA,NA,NA,NA,0,0,0,0,1,1.987951807,NA,2.445783133,NA,3.682926829,NA,2.879518072,NA,2.180722892,NA,3.36,NA,1.915662651,NA,2.542168675,NA,4.891566265,NA,4.191489362,NA,2.674698795,NA,"4.538461538",NA,1.891566265,NA,2.56626506,NA,3.578313253,NA,2.638554217,NA,NA,NA,NA,NA,NA,NA,168,196.5,275.5,111.5,1010.5,52.5,56.5,54.5,153.5,166,159.75,668,581,782,320.5,458,317,310,7,401.5,390,395.75,11.5,NA,203.5,528.5,497.5,513,259,259.5,259.25,NA,NA,NA,NA,NA,NA,NA,NA,NA,NA,NA,NA,NA,NA,NA,0.661058882,1.149741824,0.713248639,0.110341415,0.341158059,0.053933696,0.317169718,0.391637803,0.201385453,0.25655616,0.507669471,0.086095992,0.57496289,1.707423581,83,NA,NA,NA,NA,NA,NA,NA,NA,NA,NA,NA,NA,NA,NA,NA,NA,NA,NA,NA,NA,NA,NA,NA,NA,NA,NA,NA,NA,NA,NA,NA,NA,NA,"WM"
"26","WM-034","W","M",NA,23.22093023,NA,0,1,0,NA,NA,NA,NA,NA,0,0,0,0,1,2.156626506,NA,2.666666667,NA,2.698795181,NA,2.180722892,NA,2.083333333,NA,2.538461538,NA,1.55952381,NA,2.30952381,NA,4.761904762,NA,3.690909091,NA,2.916666667,NA,"3.961538462",NA,1.785714286,NA,2.464285714,NA,3.182926829,NA,2.630952381,NA,NA,NA,NA,NA,NA,NA,153,213,260.5,130,1102.5,61.5,64,62.75,164.5,169,166.75,670,625,759,309.5,416.5,331,334.5,3.5,400.5,405,402.75,4.5,NA,252.5,562.5,553.5,558,280,279.5,279.75,NA,NA,NA,NA,NA,NA,NA,NA,NA,NA,NA,NA,NA,NA,NA,0.607709751,1.072,0.817658349,0.117913832,0.376311844,0.0569161,0.280725624,0.365306122,0.229024943,0.253741497,0.506122449,0.040816327,0.566893424,1.822328932,86,NA,NA,NA,NA,NA,NA,NA,NA,NA,NA,NA,NA,NA,NA,NA,NA,NA,NA,NA,NA,NA,NA,NA,NA,NA,NA,NA,NA,NA,NA,NA,NA,NA,"WM"
"27","WF-205","W","F",NA,27.56,NA,1,0,0,NA,NA,NA,NA,NA,0,0,0,0,1,1.92,NA,2.583333333,NA,4.826086957,NA,2.375,NA,1.64,NA,3.32,NA,5.56,NA,2.52,NA,1.68,NA,4.47826087,NA,1.84,NA,".",NA,1.96,NA,2.16,NA,3.8,NA,2.625,NA,NA,NA,NA,NA,NA,NA,184,190.5,284,123.5,1149,69,69,69,170,166.5,168.25,624,451,798,419.5,439,430,435.5,5.5,385.5,384.5,385,1,NA,200,454,454.5,454.25,343.5,353.5,348.5,NA,NA,NA,NA,NA,NA,NA,NA,NA,NA,NA,NA,NA,NA,NA,0.54308094,1.383592018,0.670774648,0.107484769,0.410104012,0.060052219,0.365100087,0.335073977,0.174064404,0.303307224,0.395343777,173,0.392515231,1.817767654,24,NA,NA,NA,NA,NA,NA,NA,NA,NA,NA,NA,NA,NA,NA,NA,NA,NA,NA,NA,NA,NA,NA,NA,NA,NA,NA,NA,NA,NA,NA,NA,NA,NA,"WF"
"28","WF-202","W","F",NA,27.96551724,NA,1,0,0,NA,NA,NA,NA,NA,0,0.103448276,0.068965517,0,0.827586207,2.448275862,NA,2.931034483,NA,3.620689655,NA,2.379310345,NA,2.448275862,NA,2.965517241,NA,4.896551724,NA,2.448275862,NA,1.965517241,NA,2.666666667,NA,3.206896552,NA,".",NA,2.068965517,NA,2.482758621,NA,3.448275862,NA,2.620689655,NA,NA,NA,NA,NA,NA,NA,170,215.5,256,141,1211,66,60.5,63.25,174,171.5,172.75,639,471,786.5,516.5,440,488,478,10,374,381.5,377.75,7.5,NA,201,448,459,453.5,364.5,349.5,357,NA,NA,NA,NA,NA,NA,NA,NA,NA,NA,NA,NA,NA,NA,NA,0.527663088,1.356687898,0.841796875,0.1164327,0.366136035,0.052229562,0.426507019,0.311932287,0.16597853,0.294797688,0.374483898,168,0.388934765,1.7875,29,NA,NA,NA,NA,NA,NA,NA,NA,NA,NA,NA,NA,NA,NA,NA,NA,NA,NA,NA,NA,NA,NA,NA,NA,NA,NA,NA,NA,NA,NA,NA,NA,NA,"WF"
"29","WF-201","W","F",NA,27,NA,0.909090909,0.090909091,0.045454545,NA,NA,NA,NA,NA,0,0.045454545,0.045454545,0,0.863636364,1.772727273,NA,3.636363636,NA,3.818181818,NA,1.681818182,NA,3,NA,4.19047619,NA,4.545454545,NA,1.772727273,NA,2.545454545,NA,2.863636364,NA,2.318181818,NA,".",NA,1.428571429,NA,3.090909091,NA,3.090909091,NA,2.619047619,NA,NA,NA,NA,NA,NA,NA,169,237,288,119,1229,67.5,66,66.75,164,177,170.5,631,495,762,488.5,454,486.5,497,10.5,399,400,399.5,1,NA,214,461.5,480,470.75,372,374,373,NA,NA,NA,NA,NA,NA,NA,NA,NA,NA,NA,NA,NA,NA,NA,0.513425549,1.274747475,0.822916667,0.096826688,0.391495601,0.054312449,0.397477624,0.325061025,0.174125305,0.303498779,0.383034988,136,0.402766477,1.678414097,22,NA,NA,NA,NA,NA,NA,NA,NA,NA,NA,NA,NA,NA,NA,NA,NA,NA,NA,NA,NA,NA,NA,NA,NA,NA,NA,NA,NA,NA,NA,NA,NA,NA,"WF"
"30","WF-017","W","F",NA,23.30337079,NA,1,0,0,NA,NA,NA,NA,NA,0,0.02247191,0,0.02247191,0.95505618,2.168539326,NA,2.292134831,NA,3.280898876,NA,2.808988764,NA,2.08988764,NA,2.653846154,NA,4.359550562,NA,2.786516854,NA,2.404494382,NA,3.818181818,NA,2.494382022,NA,"4.153846154",NA,1.842696629,NA,2.314606742,NA,3.505617978,NA,2.617977528,NA,NA,NA,NA,NA,NA,NA,163.5,200,230.5,85.5,1018,60.5,62.5,61.5,151.5,157.5,154.5,686.5,522,772,371.5,396,358.5,358.5,0,341,340,340.5,1,NA,217.5,433,426.5,429.75,322,331,326.5,NA,NA,NA,NA,NA,NA,NA,NA,NA,NA,NA,NA,NA,NA,NA,0.674361493,1.3151341,0.867678959,0.083988212,0.398058252,0.060412574,0.364931238,0.334479371,0.213654224,0.320726916,0.422151277,0.161591356,0.512770138,1.949494949,89,NA,NA,NA,NA,NA,NA,NA,NA,NA,NA,NA,NA,NA,NA,NA,NA,NA,NA,NA,NA,NA,NA,NA,NA,NA,NA,NA,NA,NA,NA,NA,NA,NA,"WF"
"31","WF-019","W","F",NA,28.34782609,NA,1,0,0,NA,NA,NA,NA,NA,0,0.25,0.010869565,0.010869565,0.72826087,2.255555556,NA,4.222222222,NA,2.933333333,NA,2.011111111,NA,3.488888889,NA,3.72,NA,3.977777778,NA,1.733333333,NA,2.811111111,NA,2.357142857,NA,3.1,NA,"3.269230769",NA,1.666666667,NA,3.344444444,NA,3.112359551,NA,2.606741573,NA,NA,NA,NA,NA,NA,NA,161,202,224,96,1122,59,58,58.5,159,162,160.5,694,630.5,787.5,422.5,450,419,417.5,1.5,363,359,361,4,NA,243.5,483.5,468,475.75,313.5,316.5,315,NA,NA,NA,NA,NA,NA,NA,NA,NA,NA,NA,NA,NA,NA,NA,0.618538324,1.100713719,0.901785714,0.085561497,0.364485981,0.052139037,0.376559715,0.321746881,0.217023173,0.280748663,0.424019608,0.056595365,0.561942959,1.75,92,NA,NA,NA,NA,NA,NA,NA,NA,NA,NA,NA,NA,NA,NA,NA,NA,NA,NA,NA,NA,NA,NA,NA,NA,NA,NA,NA,NA,NA,NA,NA,NA,NA,"WF"
"32","WF-220","W","F",NA,24.4137931,NA,1,0,0,NA,NA,NA,NA,NA,0,0,0.035714286,0,0.964285714,1.586206897,NA,1.821428571,NA,4.75862069,NA,2.535714286,NA,1.448275862,NA,2.344827586,NA,5.551724138,NA,3.482758621,NA,1.413793103,NA,4.021276596,NA,1.571428571,NA,".",NA,1.821428571,NA,1.551724138,NA,4,NA,2.586206897,NA,NA,NA,NA,NA,NA,NA,174.5,215,281.5,116,1137,59.5,58,58.75,166,166.5,166.25,644.5,501.5,806.5,421.5,443,438.5,426.5,12,403,402.5,402.75,0.5,NA,193.5,450,444,447,347,344,345.5,NA,NA,NA,NA,NA,NA,NA,NA,NA,NA,NA,NA,NA,NA,NA,0.566842568,1.285144566,0.763765542,0.102022867,0.353383459,0.051671064,0.370712401,0.354221636,0.170184697,0.303869833,0.393139842,143,0.441072999,1.820541761,28,NA,NA,NA,NA,NA,NA,NA,NA,NA,NA,NA,NA,NA,NA,NA,NA,NA,NA,NA,NA,NA,NA,NA,NA,NA,NA,NA,NA,NA,NA,NA,NA,NA,"WF"
"33","WF-007","W","F",NA,21.79787234,NA,0.957446809,0.042553191,0.053763441,NA,NA,NA,NA,NA,0,0.161290323,0.010752688,0.129032258,0.64516129,1.776595745,NA,2.170212766,NA,2.892473118,NA,3.117021277,NA,1.85106383,NA,2.5,NA,3.957446809,NA,3.244680851,NA,2.882978723,NA,2.512195122,NA,1.989361702,NA,"3.730769231",NA,1.680851064,NA,2.021276596,NA,3.776595745,NA,2.574468085,NA,NA,NA,NA,NA,NA,NA,168.5,207,231,84,1027,54.5,52,53.25,151,148.5,149.75,697.5,606,797,431,360,442,439.5,2.5,323,333.5,328.25,10.5,NA,209,428,422.5,425.25,379,380,379.5,NA,NA,NA,NA,NA,NA,NA,NA,NA,NA,NA,NA,NA,NA,NA,0.67916261,1.150990099,0.896103896,0.081791626,0.355592654,0.051850049,0.419668939,0.319620253,0.203505355,0.369522882,0.414070107,0.08909445,0.59006816,2.213888889,93,NA,NA,NA,NA,NA,NA,NA,NA,NA,NA,NA,NA,NA,NA,NA,NA,NA,NA,NA,NA,NA,NA,NA,NA,NA,NA,NA,NA,NA,NA,NA,NA,NA,"WF"
"34","WF-227","W","F",NA,26.92592593,NA,1,0,0,NA,NA,NA,NA,NA,0,0,0.038461538,0.038461538,0.923076923,2,NA,2.740740741,NA,3.769230769,NA,1.888888889,NA,2,NA,3.259259259,NA,4.666666667,NA,2.074074074,NA,1.925925926,NA,3.840909091,NA,2.555555556,NA,".",NA,1.62962963,NA,2.222222222,NA,3.259259259,NA,2.555555556,NA,NA,NA,NA,NA,NA,NA,181.5,230,245,113,1169.5,59,53.5,56.25,163,171.5,167.25,608.5,479.5,792,468,407,451,468.5,17.5,352.5,344.5,348.5,8,NA,233.5,439.5,419,429.25,366.5,387.5,377,NA,NA,NA,NA,NA,NA,NA,NA,NA,NA,NA,NA,NA,NA,NA,0.520307824,1.26903024,0.93877551,0.096622488,0.33632287,0.048097478,0.400171013,0.297990594,0.199657973,0.322359983,0.367037195,129,0.410004275,1.945945946,26,NA,NA,NA,NA,NA,NA,NA,NA,NA,NA,NA,NA,NA,NA,NA,NA,NA,NA,NA,NA,NA,NA,NA,NA,NA,NA,NA,NA,NA,NA,NA,NA,NA,"WF"
"35","WF-252","W","F",NA,26.46428571,NA,1,0,0,NA,NA,NA,NA,NA,0,0,0.107142857,0,0.892857143,1.571428571,NA,2.214285714,NA,3.785714286,NA,2.214285714,NA,2.035714286,NA,2.321428571,NA,5.107142857,NA,2.785714286,NA,1.392857143,NA,3.7,NA,1.857142857,NA,".",NA,1.75,NA,2,NA,3.285714286,NA,2.535714286,NA,NA,NA,NA,NA,NA,NA,178,204.5,248.5,127,1167.5,61,65,63,175,165,170,605.5,475,769,469,409,482.5,486,3.5,354.5,353,353.75,1.5,NA,211.5,447,436.5,441.75,385,382.5,383.75,NA,NA,NA,NA,NA,NA,NA,NA,NA,NA,NA,NA,NA,NA,NA,0.51862955,1.274736842,0.822937626,0.108779443,0.370588235,0.053961456,0.401713062,0.302997859,0.181156317,0.32869379,0.378372591,130.5,0.406852248,1.880195599,28,NA,NA,NA,NA,NA,NA,NA,NA,NA,NA,NA,NA,NA,NA,NA,NA,NA,NA,NA,NA,NA,NA,NA,NA,NA,NA,NA,NA,NA,NA,NA,NA,NA,"WF"
"36","WF-233","W","F",NA,22.60869565,NA,1,0,0,NA,NA,NA,NA,NA,0,0,0,0,1,1.652173913,NA,1.608695652,NA,5.47826087,NA,3.608695652,NA,1.47826087,NA,1.818181818,NA,5.913043478,NA,2.695652174,NA,1.260869565,NA,4.512195122,NA,1.727272727,NA,".",NA,1.782608696,NA,1.565217391,NA,4.173913043,NA,2.52173913,NA,NA,NA,NA,NA,NA,NA,175,217.5,257,115.5,1157,61,65.5,63.25,173.5,172.5,173,558,438.5,790,478.5,432,478.5,486,7.5,362.5,359.5,361,3,NA,189,423,427.5,425.25,370.5,376,373.25,NA,NA,NA,NA,NA,NA,NA,NA,NA,NA,NA,NA,NA,NA,NA,0.482281763,1.272519954,0.846303502,0.099827139,0.365606936,0.054667243,0.413569576,0.312013829,0.1633535,0.322601556,0.367545376,119.5,0.378997407,1.828703704,23,NA,NA,NA,NA,NA,NA,NA,NA,NA,NA,NA,NA,NA,NA,NA,NA,NA,NA,NA,NA,NA,NA,NA,NA,NA,NA,NA,NA,NA,NA,NA,NA,NA,"WF"
"37","WM-212","W","M",NA,30.11111111,NA,0,1,0,NA,NA,NA,NA,NA,0,0,0,0,1,1.962962963,NA,3.333333333,NA,3.703703704,NA,2.296296296,NA,2.884615385,NA,4.111111111,NA,1.814814815,NA,1.925925926,NA,4.962962963,NA,3.956521739,NA,2.444444444,NA,".",NA,1.576923077,NA,3.333333333,NA,3.481481481,NA,2.518518519,NA,NA,NA,NA,NA,NA,NA,158.5,240.5,250.5,96,1201.5,37.5,38.5,38,161.5,158.5,160,637,523,799,420,414.5,531,527.5,3.5,389,395,392,6,NA,240,453,461,457,463.5,481,472.25,NA,NA,NA,NA,NA,NA,NA,NA,NA,NA,NA,NA,NA,NA,NA,0.53017062,1.217973231,0.96007984,0.079900125,0.2375,0.031627133,0.349563046,0.326258843,0.199750312,0.393050354,0.380357886,114,0.435289222,1.927623643,27,NA,NA,NA,NA,NA,NA,NA,NA,NA,NA,NA,NA,NA,NA,NA,NA,NA,NA,NA,NA,NA,NA,NA,NA,NA,NA,NA,NA,NA,NA,NA,NA,NA,"WM"
"38","WF-211","W","F",NA,21.55172414,NA,1,0,0,NA,NA,NA,NA,NA,0,0.034482759,0.034482759,0,0.931034483,1.931034483,NA,2.275862069,NA,4.620689655,NA,2.275862069,NA,2,NA,2.724137931,NA,5.551724138,NA,2.931034483,NA,1.793103448,NA,3.581395349,NA,1.964285714,NA,".",NA,1.862068966,NA,1.896551724,NA,3.896551724,NA,2.482758621,NA,NA,NA,NA,NA,NA,NA,178,221.5,299.5,125.5,1141.5,65.5,76.5,71,164,164.5,164.25,634.5,459,797,407,422,457.5,456,1.5,366.5,370.5,368.5,4,NA,189,411,422,416.5,363,373.5,368.25,NA,NA,NA,NA,NA,NA,NA,NA,NA,NA,NA,NA,NA,NA,NA,0.555847569,1.382352941,0.739565943,0.109943057,0.432267884,0.062198861,0.356548401,0.32282085,0.165571616,0.32260184,0.364870784,175.5,0.402102497,1.888625592,29,NA,NA,NA,NA,NA,NA,NA,NA,NA,NA,NA,NA,NA,NA,NA,NA,NA,NA,NA,NA,NA,NA,NA,NA,NA,NA,NA,NA,NA,NA,NA,NA,NA,"WF"
"39","WM-251","W","M",NA,27.72,NA,0,1,0,NA,NA,NA,NA,NA,0,0,0,0,1,2.04,NA,2.08,NA,2.6,NA,2.08,NA,1.96,NA,2.56,NA,1.68,NA,3.2,NA,4.32,NA,4.038461538,NA,2.48,NA,".",NA,1.791666667,NA,1.92,NA,3.4,NA,2.48,NA,NA,NA,NA,NA,NA,NA,161,212,319,146.5,1303.5,61.5,65,63.25,179,174.5,176.75,669,529,787.5,488,443.5,475.5,485.5,10,415,413,414,2,NA,265,509,498.5,503.75,376,402,389,NA,NA,NA,NA,NA,NA,NA,NA,NA,NA,NA,NA,NA,NA,NA,0.513233602,1.264650284,0.664576803,0.11238972,0.357850071,0.048523207,0.374376678,0.317606444,0.203298811,0.298427311,0.386459532,140,0.405830456,1.775648253,25,NA,NA,NA,NA,NA,NA,NA,NA,NA,NA,NA,NA,NA,NA,NA,NA,NA,NA,NA,NA,NA,NA,NA,NA,NA,NA,NA,NA,NA,NA,NA,NA,NA,"WM"
"40","WM-207","W","M",NA,26.58333333,NA,0,1,0,NA,NA,NA,NA,NA,0,0.083333333,0.041666667,0.041666667,0.833333333,1.47826087,NA,1.625,NA,4.125,NA,1.958333333,NA,1.434782609,NA,3.625,NA,1.333333333,NA,3.086956522,NA,5.208333333,NA,2.52,NA,1.458333333,NA,".",NA,1.416666667,NA,2,NA,3.333333333,NA,2.458333333,NA,NA,NA,NA,NA,NA,NA,147,234,272.5,99,1204,49,55,52,166,160,163,646,511.5,809,473.5,436,460,475,15,406.5,404.5,405.5,2,NA,232.5,466.5,477.5,472,375,389.5,382.25,NA,NA,NA,NA,NA,NA,NA,NA,NA,NA,NA,NA,NA,NA,NA,0.53654485,1.262952102,0.858715596,0.082225914,0.319018405,0.043189369,0.393272425,0.33679402,0.193106312,0.317483389,0.392026578,134.5,0.424833887,1.855504587,24,NA,NA,NA,NA,NA,NA,NA,NA,NA,NA,NA,NA,NA,NA,NA,NA,NA,NA,NA,NA,NA,NA,NA,NA,NA,NA,NA,NA,NA,NA,NA,NA,NA,"WM"
"41","WF-024","W","F",NA,23.93617021,NA,1,0,0,NA,NA,NA,NA,NA,0,0,0,0.021276596,0.978723404,1.936170213,NA,2.053191489,NA,4.755319149,NA,2.234042553,NA,1.936170213,NA,2.692307692,NA,5.340425532,NA,2.574468085,NA,1.744680851,NA,4.3125,NA,2.462365591,NA,"4.692307692",NA,1.723404255,NA,1.861702128,NA,3.734042553,NA,2.436170213,NA,NA,NA,NA,NA,NA,NA,160.5,204.5,265.5,101,1041,58.5,61.5,60,163.5,161.5,162.5,668.5,531,751,353.5,450.5,408,404,4,387,395.5,391.25,8.5,NA,182.5,479,472.5,475.75,314.5,326.5,320.5,NA,NA,NA,NA,NA,NA,NA,NA,NA,NA,NA,NA,NA,NA,NA,0.642170989,1.258945386,0.770244821,0.097022094,0.369230769,0.057636888,0.339577329,0.375840538,0.1753122,0.307877041,0.457012488,0.132084534,0.510086455,1.667036626,94,NA,NA,NA,NA,NA,NA,NA,NA,NA,NA,NA,NA,NA,NA,NA,NA,NA,NA,NA,NA,NA,NA,NA,NA,NA,NA,NA,NA,NA,NA,NA,NA,NA,"WF"
"42","WF-223","W","F",NA,23.26923077,NA,1,0,0,NA,NA,NA,NA,NA,0,0,0.038461538,0,0.961538462,2.384615385,NA,1.730769231,NA,3.384615385,NA,2.923076923,NA,1.576923077,NA,1.708333333,NA,5,NA,2.153846154,NA,1.615384615,NA,3.622641509,NA,3.115384615,NA,".",NA,2.038461538,NA,1.4,NA,3.192307692,NA,2.423076923,NA,NA,NA,NA,NA,NA,NA,182,213,242,104,1159,67,71.5,69.25,183.5,176.5,180,627.5,494.5,797,503,410,527.5,508,19.5,334.5,339,336.75,4.5,NA,215,412,411.5,411.75,389.5,377,383.25,NA,NA,NA,NA,NA,NA,NA,NA,NA,NA,NA,NA,NA,NA,NA,0.541415013,1.268958544,0.880165289,0.089732528,0.384722222,0.059749784,0.433994823,0.2905522,0.185504745,0.330672994,0.355263158,133,0.426660915,1.943902439,26,NA,NA,NA,NA,NA,NA,NA,NA,NA,NA,NA,NA,NA,NA,NA,NA,NA,NA,NA,NA,NA,NA,NA,NA,NA,NA,NA,NA,NA,NA,NA,NA,NA,"WF"
"43","WM-237","W","M",NA,29,NA,0,1,0,NA,NA,NA,NA,NA,0,0.034482759,0,0,0.965517241,1.965517241,NA,2.551724138,NA,2.517241379,NA,2.068965517,NA,2.172413793,NA,2.724137931,NA,1.678571429,NA,1.793103448,NA,4.285714286,NA,3.79245283,NA,2.551724138,NA,".",NA,1.642857143,NA,2.413793103,NA,3,NA,2.413793103,NA,NA,NA,NA,NA,NA,NA,174,205.5,280.5,83.5,1085.5,58.5,55,56.75,172,170.5,171.25,619,500.5,778,359.5,447,386,386.5,0.5,419,415.5,417.25,3.5,NA,216.5,440,449,444.5,295.5,283,289.25,NA,NA,NA,NA,NA,NA,NA,NA,NA,NA,NA,NA,NA,NA,NA,0.570244127,1.236763237,0.732620321,0.076923077,0.331386861,0.052280055,0.331183786,0.384385076,0.199447259,0.266467066,0.409488715,118.5,0.461077844,1.74049217,29,NA,NA,NA,NA,NA,NA,NA,NA,NA,NA,NA,NA,NA,NA,NA,NA,NA,NA,NA,NA,NA,NA,NA,NA,NA,NA,NA,NA,NA,NA,NA,NA,NA,"WM"
"44","WF-029","W","F",NA,24.36046512,NA,1,0,0,NA,NA,NA,NA,NA,0,0,0.011627907,0.011627907,0.976744186,1.952941176,NA,4.647058824,NA,4.223529412,NA,2.588235294,NA,3.752941176,NA,3.32,NA,4.764705882,NA,1.717647059,NA,1.811764706,NA,4.369565217,NA,2.156626506,NA,"3.24",NA,1.835294118,NA,3.047058824,NA,3.223529412,NA,2.411764706,NA,NA,NA,NA,NA,NA,NA,154.5,194.5,231.5,102.5,1067,51.5,46.5,49,154.5,149,151.75,680,599,796,419,413,410.5,372,38.5,353.5,351.5,352.5,2,NA,199.5,458.5,449.5,454,365.5,341.5,353.5,NA,NA,NA,NA,NA,NA,NA,NA,NA,NA,NA,NA,NA,NA,NA,0.637300843,1.135225376,0.840172786,0.09606373,0.322899506,0.045923149,0.392689784,0.330365511,0.186972821,0.331302718,0.425492034,0.075913777,0.561387067,1.927360775,86,NA,NA,NA,NA,NA,NA,NA,NA,NA,NA,NA,NA,NA,NA,NA,NA,NA,NA,NA,NA,NA,NA,NA,NA,NA,NA,NA,NA,NA,NA,NA,NA,NA,"WF"
"45","WF-003","W","F",NA,26.71428571,NA,1,0,0,NA,NA,NA,NA,NA,0,0,0,0.010989011,0.989010989,2.032967033,NA,1.901098901,NA,4.89010989,NA,2.593406593,NA,1.879120879,NA,1.888888889,NA,5.527472527,NA,3.32967033,NA,1.857142857,NA,4.840909091,NA,2.362637363,NA,"4.5",NA,2,NA,1.877777778,NA,4.054945055,NA,2.411111111,NA,NA,NA,NA,NA,NA,NA,163.5,179,250,80,1049,67,68.5,67.75,173.5,180.5,177,696.5,621,789,394,426,438,416.5,21.5,367,370.5,368.75,3.5,NA,201.5,464.5,451,457.75,347,323,335,NA,NA,NA,NA,NA,NA,NA,NA,NA,NA,NA,NA,NA,NA,NA,0.663965682,1.1215781,0.716,0.076263108,0.382768362,0.064585319,0.375595806,0.351525262,0.192087703,0.319351764,0.436367969,0.071973308,0.591992374,1.852112676,91,NA,NA,NA,NA,NA,NA,NA,NA,NA,NA,NA,NA,NA,NA,NA,NA,NA,NA,NA,NA,NA,NA,NA,NA,NA,NA,NA,NA,NA,NA,NA,NA,NA,"WF"
"46","WF-018","W","F",NA,33.86516854,NA,1,0,0.011111111,NA,NA,NA,NA,NA,0,0.011111111,0,0.011111111,0.966666667,3.898876404,NA,3.258426966,NA,3.685393258,NA,1.852272727,NA,3.055555556,NA,2.5,NA,5.011235955,NA,1.888888889,NA,1.719101124,NA,3.886363636,NA,2.539325843,NA,"3",NA,4.366666667,NA,2.566666667,NA,3.382022472,NA,2.411111111,NA,NA,NA,NA,NA,NA,NA,152.5,213,269,86,1095.5,76,76.5,76.25,166,171,168.5,664.5,586.5,760,397.5,448.5,418,410,8,373.5,367,370.25,6.5,NA,194.5,454.5,441,447.75,381,383.5,382.25,NA,NA,NA,NA,NA,NA,NA,NA,NA,NA,NA,NA,NA,NA,NA,0.606572341,1.132992327,0.791821561,0.078502967,0.452522255,0.069602921,0.362848015,0.337973528,0.1775445,0.34892743,0.408717481,0.071200365,0.535371976,1.694537347,90,NA,NA,NA,NA,NA,NA,NA,NA,NA,NA,NA,NA,NA,NA,NA,NA,NA,NA,NA,NA,NA,NA,NA,NA,NA,NA,NA,NA,NA,NA,NA,NA,NA,"WF"
"47","WM-021","W","M",NA,29.11627907,NA,0.011627907,0.988372093,0.011764706,NA,NA,NA,NA,NA,0,0.094117647,0.035294118,0.094117647,0.764705882,2.176470588,NA,3.2,NA,2.658823529,NA,1.670588235,NA,2.329411765,NA,3.958333333,NA,1.423529412,NA,1.976470588,NA,5.294117647,NA,2.22,NA,2.535714286,NA,"3.307692308",NA,1.988235294,NA,3.258823529,NA,3,NA,2.404761905,NA,NA,NA,NA,NA,NA,NA,130.5,222,248,97.5,1141,60.5,62,61.25,153,155.5,154.25,688,569,784,414,416,415.5,415,0.5,370.5,373,371.75,2.5,NA,257,515.5,489.5,502.5,342,367,354.5,NA,NA,NA,NA,NA,NA,NA,NA,NA,NA,NA,NA,NA,NA,NA,0.602979842,1.20913884,0.89516129,0.085451358,0.397082658,0.053680982,0.362839614,0.325810692,0.225241017,0.310692375,0.440403155,0.104294479,0.498685364,1.884615385,85,NA,NA,NA,NA,NA,NA,NA,NA,NA,NA,NA,NA,NA,NA,NA,NA,NA,NA,NA,NA,NA,NA,NA,NA,NA,NA,NA,NA,NA,NA,NA,NA,NA,"WM"
"48","WM-015","W","M",NA,23.37209302,NA,0,1,0,NA,NA,NA,NA,NA,0,0,0,0,1,2.127906977,NA,2.627906977,NA,3.511627907,NA,2.976744186,NA,2.197674419,NA,3.043478261,NA,2.313953488,NA,2.174418605,NA,4.302325581,NA,3.943396226,NA,2.588235294,NA,"4.346153846",NA,1.882352941,NA,2.38372093,NA,3.313953488,NA,2.395348837,NA,NA,NA,NA,NA,NA,NA,159,207,267,102,1065.5,59.5,67,63.25,163,164.5,163.75,685.5,640.5,769,359,449,390,389,1,394.5,400.5,397.5,6,NA,193.5,484.5,478,481.25,337.5,355.5,346.5,NA,NA,NA,NA,NA,NA,NA,NA,NA,NA,NA,NA,NA,NA,NA,0.643359925,1.070257611,0.775280899,0.095729704,0.386259542,0.059361802,0.336931018,0.373064289,0.18160488,0.325199437,0.451665885,0.042233693,0.601126232,1.712694878,86,NA,NA,NA,NA,NA,NA,NA,NA,NA,NA,NA,NA,NA,NA,NA,NA,NA,NA,NA,NA,NA,NA,NA,NA,NA,NA,NA,NA,NA,NA,NA,NA,NA,"WM"
"49","WF-036","W","F",NA,22.64444444,NA,0.988888889,0.011111111,0,NA,NA,NA,NA,NA,0,0,0,0,1,2.820224719,NA,2.561797753,NA,2.898876404,NA,3.08988764,NA,2.202247191,NA,2.071428571,NA,4.078651685,NA,1.988764045,NA,2.179775281,NA,3.659090909,NA,3.505617978,NA,"3.307692308",NA,1.685393258,NA,1.852272727,NA,3.370786517,NA,2.382022472,NA,NA,NA,NA,NA,NA,NA,145,197.5,265,85.5,1087.5,57,54.5,55.75,143.5,144.5,144,699.5,514,793.5,431.5,428,452,413,39,364,364.5,364.25,0.5,NA,191.5,449,439.5,444.25,348,343,345.5,NA,NA,NA,NA,NA,NA,NA,NA,NA,NA,NA,NA,NA,NA,NA,0.643218391,1.360894942,0.745283019,0.07862069,0.387152778,0.051264368,0.396781609,0.334942529,0.176091954,0.317701149,0.408505747,0.170574713,0.472643678,1.853971963,90,NA,NA,NA,NA,NA,NA,NA,NA,NA,NA,NA,NA,NA,NA,NA,NA,NA,NA,NA,NA,NA,NA,NA,NA,NA,NA,NA,NA,NA,NA,NA,NA,NA,"WF"
"50","WF-035","W","F",NA,24.76136364,NA,0.977011494,0.022988506,0,NA,NA,NA,NA,NA,0,0.045454545,0,0.011363636,0.943181818,2.068965517,NA,2.390804598,NA,3.390804598,NA,2.620689655,NA,2.183908046,NA,2.652173913,NA,4.126436782,NA,2.413793103,NA,2.574712644,NA,3.3,NA,2.804597701,NA,"4.16",NA,1.91954023,NA,2.045977011,NA,3.540229885,NA,2.379310345,NA,NA,NA,NA,NA,NA,NA,146.5,182.5,217.5,96.5,1035.5,55,47,51,158.5,155.5,157,701.5,604.5,821.5,384.5,413,401.5,390.5,11,362.5,358,360.25,4.5,NA,212,453.5,448.5,451,318,301,309.5,NA,NA,NA,NA,NA,NA,NA,NA,NA,NA,NA,NA,NA,NA,NA,0.677450507,1.160463193,0.83908046,0.093191695,0.324840764,0.049251569,0.371318204,0.347899565,0.204732014,0.298889425,0.435538387,0.093674553,0.583775954,1.989104116,88,NA,NA,NA,NA,NA,NA,NA,NA,NA,NA,NA,NA,NA,NA,NA,NA,NA,NA,NA,NA,NA,NA,NA,NA,NA,NA,NA,NA,NA,NA,NA,NA,NA,"WF"
"51","WM-244","W","M",NA,30.51851852,NA,0,1,0,NA,NA,NA,NA,NA,0,0,0,0,1,1.538461538,NA,2.037037037,NA,3.037037037,NA,1.851851852,NA,1.68,NA,3.481481481,NA,1.692307692,NA,2.814814815,NA,5.111111111,NA,3.385964912,NA,1.777777778,NA,".",NA,1.777777778,NA,2.37037037,NA,2.888888889,NA,2.37037037,NA,NA,NA,NA,NA,NA,NA,165.5,284,246.5,123.5,1215.5,32,38.5,35.25,156,161,158.5,641.5,549,807,416.5,412,488.5,486,2.5,380,378.5,379.25,1.5,NA,245,463,471.5,467.25,402,392.5,397.25,NA,NA,NA,NA,NA,NA,NA,NA,NA,NA,NA,NA,NA,NA,NA,0.527766351,1.16848816,1.152129817,0.101604278,0.222397476,0.029000411,0.342657343,0.312011518,0.201563143,0.326820239,0.384409708,92.5,0.451665981,1.958737864,27,NA,NA,NA,NA,NA,NA,NA,NA,NA,NA,NA,NA,NA,NA,NA,NA,NA,NA,NA,NA,NA,NA,NA,NA,NA,NA,NA,NA,NA,NA,NA,NA,NA,"WM"
"52","WM-011","W","M",NA,30.98863636,NA,0,1,0,NA,NA,NA,NA,NA,0,0.011363636,0,0.011363636,0.977272727,2.045454545,NA,2.75,NA,3.170454545,NA,2.511363636,NA,2.556818182,NA,2.384615385,NA,2.114942529,NA,1.920454545,NA,4.25,NA,3.566037736,NA,3.284090909,NA,"4.192307692",NA,1.693181818,NA,2.443181818,NA,3.056818182,NA,2.352272727,NA,NA,NA,NA,NA,NA,NA,150.5,200.5,213.5,97.5,1176.5,50,50,50,152,155.5,153.75,642,597,778,465.5,448,493.5,468,25.5,362,365,363.5,3,NA,229,517.5,515.5,516.5,409,388,398.5,NA,NA,NA,NA,NA,NA,NA,NA,NA,NA,NA,NA,NA,NA,NA,0.545686358,1.075376884,0.93911007,0.082872928,0.325203252,0.042498938,0.395665108,0.308967276,0.194645134,0.338716532,0.439014025,0.038249044,0.507437314,1.736607143,88,NA,NA,NA,NA,NA,NA,NA,NA,NA,NA,NA,NA,NA,NA,NA,NA,NA,NA,NA,NA,NA,NA,NA,NA,NA,NA,NA,NA,NA,NA,NA,NA,NA,"WM"
"53","WM-253","W","M",NA,24,NA,0.038461538,0.961538462,0,NA,NA,NA,NA,NA,0.04,0.24,0.04,0,0.68,1.538461538,NA,1.692307692,NA,3.5,NA,3.076923077,NA,1.769230769,NA,2.76,NA,1.76,NA,3.269230769,NA,3.846153846,NA,2.048780488,NA,1.730769231,NA,".",NA,1.653846154,NA,2,NA,3.153846154,NA,2.346153846,NA,NA,NA,NA,NA,NA,NA,165.5,284.5,237.5,151.5,1210.5,60.5,63.5,62,172.5,166,169.25,669,559.5,806,431.5,432.5,411.5,413,1.5,385.5,377.5,381.5,8,NA,279,516.5,543.5,530,291.5,279.5,285.5,NA,NA,NA,NA,NA,NA,NA,NA,NA,NA,NA,NA,NA,NA,NA,0.552664188,1.195710456,1.197894737,0.125154895,0.366322009,0.051218505,0.356464271,0.315159025,0.230483271,0.235852953,0.437835605,109.5,0.4622057,1.863583815,25,NA,NA,NA,NA,NA,NA,NA,NA,NA,NA,NA,NA,NA,NA,NA,NA,NA,NA,NA,NA,NA,NA,NA,NA,NA,NA,NA,NA,NA,NA,NA,NA,NA,"WM"
"54","WF-234","W","F",NA,22.62962963,NA,1,0,0,NA,NA,NA,NA,NA,0,0,0,0,1,2,NA,1.481481481,NA,4.111111111,NA,2.777777778,NA,1.481481481,NA,1.333333333,NA,5.333333333,NA,2.481481481,NA,1.185185185,NA,4.340425532,NA,2.538461538,NA,".",NA,1.222222222,NA,1.259259259,NA,3.592592593,NA,2.333333333,NA,NA,NA,NA,NA,NA,NA,182.5,228.5,248.5,91,1056,64,66,65,166,168.5,167.25,603,468,790,397.5,427,416,422.5,6.5,365,362,363.5,3,NA,185.5,408.5,397.5,403,327,325,326,NA,NA,NA,NA,NA,NA,NA,NA,NA,NA,NA,NA,NA,NA,NA,0.571022727,1.288461538,0.919517103,0.086174242,0.388639761,0.06155303,0.376420455,0.344223485,0.175662879,0.308712121,0.381628788,135,0.443181818,1.850117096,27,NA,NA,NA,NA,NA,NA,NA,NA,NA,NA,NA,NA,NA,NA,NA,NA,NA,NA,NA,NA,NA,NA,NA,NA,NA,NA,NA,NA,NA,NA,NA,NA,NA,"WF"
"55","WM-040","W","M",NA,25.11702128,NA,0.010638298,0.989361702,0,NA,NA,NA,NA,NA,0,0,0,0.010638298,0.989361702,1.784946237,NA,2.322580645,NA,3.053763441,NA,2.25,NA,2.172043011,NA,3.096774194,NA,1.806451613,NA,2.548387097,NA,4.655913978,NA,3.901960784,NA,2.204301075,NA,"4.192307692",NA,1.623655914,NA,2.301075269,NA,3.419354839,NA,2.326086957,NA,NA,NA,NA,NA,NA,NA,151,213.5,262.5,127.5,1055.5,49.5,48,48.75,158.5,157,157.75,649.5,559,793,354.5,411.5,429,424,5,364,367.5,365.75,3.5,NA,199.5,496.5,493.5,495,374.5,377,375.75,NA,NA,NA,NA,NA,NA,NA,NA,NA,NA,NA,NA,NA,NA,NA,0.615348176,1.161896243,0.813333333,0.120795831,0.309033281,0.046186641,0.335859782,0.346518238,0.189009948,0.355992421,0.468972051,0.085741355,0.529606821,1.92709599,94,NA,NA,NA,NA,NA,NA,NA,NA,NA,NA,NA,NA,NA,NA,NA,NA,NA,NA,NA,NA,NA,NA,NA,NA,NA,NA,NA,NA,NA,NA,NA,NA,NA,"WM"
"56","WM-213","W","M",NA,26.36,NA,0,1,0,NA,NA,NA,NA,NA,0,0,0,0,1,1.76,NA,1.96,NA,3.708333333,NA,3,NA,1.56,NA,3,NA,1.92,NA,3.826086957,NA,4.16,NA,4.127272727,NA,1.84,NA,".",NA,1.68,NA,1.96,NA,3.56,NA,2.32,NA,NA,NA,NA,NA,NA,NA,165.5,228,237.5,125,1183,54,51,52.5,156.5,156,156.25,643.5,526.5,808,443,407,455,459.5,4.5,371.5,367,369.25,4.5,NA,248,472.5,460.5,466.5,360,371,365.5,NA,NA,NA,NA,NA,NA,NA,NA,NA,NA,NA,NA,NA,NA,NA,0.543956044,1.222222222,0.96,0.105663567,0.336,0.044378698,0.374471682,0.312130178,0.209636517,0.30896027,0.394336433,117,0.445054945,1.985257985,25,NA,NA,NA,NA,NA,NA,NA,NA,NA,NA,NA,NA,NA,NA,NA,NA,NA,NA,NA,NA,NA,NA,NA,NA,NA,NA,NA,NA,NA,NA,NA,NA,NA,"WM"
"57","WM-242","W","M",NA,23.06896552,NA,0,1,0,NA,NA,NA,NA,NA,0,0.034482759,0.103448276,0,0.862068966,1.75862069,NA,2.571428571,NA,4.034482759,NA,2.310344828,NA,2.724137931,NA,2.827586207,NA,1.75862069,NA,1.724137931,NA,4.214285714,NA,3.254901961,NA,2.24137931,NA,".",NA,1.344827586,NA,2.142857143,NA,3.137931034,NA,2.310344828,NA,NA,NA,NA,NA,NA,NA,171.5,254,257,128,1205,48,51,49.5,173.5,171,172.25,640.5,538,805.5,447,426,447.5,454,6.5,378,384,381,6,NA,241,476,474,475,352,367.5,359.75,NA,NA,NA,NA,NA,NA,NA,NA,NA,NA,NA,NA,NA,NA,NA,0.53153527,1.190520446,0.988326848,0.106224066,0.287373004,0.041078838,0.370954357,0.316182573,0.2,0.298547718,0.394190871,102.5,0.446473029,1.89084507,29,NA,NA,NA,NA,NA,NA,NA,NA,NA,NA,NA,NA,NA,NA,NA,NA,NA,NA,NA,NA,NA,NA,NA,NA,NA,NA,NA,NA,NA,NA,NA,NA,NA,"WM"
"58","WF-217","W","F",NA,32.88461538,NA,1,0,0,NA,NA,NA,NA,NA,0,0.04,0,0,0.96,1.846153846,NA,2.846153846,NA,3.307692308,NA,1.576923077,NA,2.230769231,NA,2.461538462,NA,4.6,NA,1.769230769,NA,1.692307692,NA,3.4375,NA,3,NA,".",NA,1.538461538,NA,1.923076923,NA,3.346153846,NA,2.307692308,NA,NA,NA,NA,NA,NA,NA,167,217,272,87,1196.5,66,61,63.5,172,174.5,173.25,640,488.5,793,499.5,444,501.5,501,0.5,392.5,393.5,393,1,NA,210.5,410,421.5,415.75,383.5,401,392.25,NA,NA,NA,NA,NA,NA,NA,NA,NA,NA,NA,NA,NA,NA,NA,0.534893439,1.31013306,0.797794118,0.072712077,0.366522367,0.053071458,0.417467614,0.328458003,0.175929795,0.327831174,0.347471793,151.5,0.408274133,1.786036036,25,NA,NA,NA,NA,NA,NA,NA,NA,NA,NA,NA,NA,NA,NA,NA,NA,NA,NA,NA,NA,NA,NA,NA,NA,NA,NA,NA,NA,NA,NA,NA,NA,NA,"WF"
"59","WF-037","W","F",NA,23.5,NA,0.979166667,0.020833333,0.020833333,NA,NA,NA,NA,NA,0,0.25,0.041666667,0.0625,0.625,1.925531915,NA,2.521276596,NA,2.688172043,NA,2.819148936,NA,2.382978723,NA,2.533333333,NA,3.914893617,NA,2.096774194,NA,2.5,NA,2.166666667,NA,2.829787234,NA,"3.576923077",NA,1.574468085,NA,2.095744681,NA,3.29787234,NA,2.244680851,NA,NA,NA,NA,NA,NA,NA,158.5,200,223.5,99.5,999,58.5,56,57.25,144.5,152.5,148.5,703,631.5,815,339.5,418,369.5,363,6.5,343.5,347.5,345.5,4,NA,202.5,449,444,446.5,267.5,264.5,266,NA,NA,NA,NA,NA,NA,NA,NA,NA,NA,NA,NA,NA,NA,NA,0.703703704,1.113222486,0.894854586,0.0995996,0.385521886,0.057307307,0.33983984,0.345845846,0.202702703,0.266266266,0.446946947,0.071571572,0.632132132,1.949760766,96,NA,NA,NA,NA,NA,NA,NA,NA,NA,NA,NA,NA,NA,NA,NA,NA,NA,NA,NA,NA,NA,NA,NA,NA,NA,NA,NA,NA,NA,NA,NA,NA,NA,"WF"
"60","WF-209","W","F",NA,27.79310345,NA,0.965517241,0.034482759,0,NA,NA,NA,NA,NA,0,0,0.034482759,0,0.965517241,1.642857143,NA,1.75862069,NA,4.655172414,NA,3,NA,1.620689655,NA,2.137931034,NA,5.275862069,NA,3.689655172,NA,1.448275862,NA,4.352941176,NA,2,NA,".",NA,1.857142857,NA,1.310344828,NA,3.75,NA,2.24137931,NA,NA,NA,NA,NA,NA,NA,172,221,247,113.5,1196.5,60,58.5,59.25,164,164,164,652.5,501,785,493.5,419,475,474.5,0.5,368,368.5,368.25,0.5,NA,226,444.5,445,444.75,376.5,333.5,355,NA,NA,NA,NA,NA,NA,NA,NA,NA,NA,NA,NA,NA,NA,NA,0.545340577,1.30239521,0.894736842,0.094860008,0.361280488,0.049519432,0.412452988,0.30777267,0.188884246,0.296698705,0.371709152,151.5,0.41872127,1.873508353,29,NA,NA,NA,NA,NA,NA,NA,NA,NA,NA,NA,NA,NA,NA,NA,NA,NA,NA,NA,NA,NA,NA,NA,NA,NA,NA,NA,NA,NA,NA,NA,NA,NA,"WF"
"61","WF-214","W","F",NA,28.34482759,NA,0.965517241,0.034482759,0,NA,NA,NA,NA,NA,0,0,0,0,1,1.655172414,NA,1.965517241,NA,3.206896552,NA,1.75862069,NA,2,NA,1.931034483,NA,4.620689655,NA,2.379310345,NA,1.620689655,NA,3.566037736,NA,2.24137931,NA,".",NA,1.642857143,NA,1.75862069,NA,3.555555556,NA,2.24137931,NA,NA,NA,NA,NA,NA,NA,172.5,215,294.5,128,1207.5,67.5,68,67.75,182,178.5,180.25,631,488,813,433,463.5,443.5,439.5,4,409,419,414,10,NA,229.5,469,469.5,469.25,347,333.5,340.25,NA,NA,NA,NA,NA,NA,NA,NA,NA,NA,NA,NA,NA,NA,NA,0.522567288,1.293032787,0.730050934,0.106004141,0.375866852,0.05610766,0.358592133,0.342857143,0.190062112,0.281780538,0.388612836,143,0.404140787,1.754045307,29,NA,NA,NA,NA,NA,NA,NA,NA,NA,NA,NA,NA,NA,NA,NA,NA,NA,NA,NA,NA,NA,NA,NA,NA,NA,NA,NA,NA,NA,NA,NA,NA,NA,"WF"
"62","WM-214","W","M",NA,25.12,NA,0.04,0.96,0,NA,NA,NA,NA,NA,0,0,0,0,1,1.8,NA,1.68,NA,3.12,NA,3.6,NA,1.72,NA,2.48,NA,2.25,NA,3.4,NA,3.666666667,NA,4.132075472,NA,1.88,NA,".",NA,2.04,NA,1.68,NA,3.72,NA,2.24,NA,NA,NA,NA,NA,NA,NA,169,213,261.5,98,1150.5,56.5,57.5,57,166,166,166,615,468,789,419.5,456,415,419,4,419.5,412,415.75,7.5,NA,221,478,481,479.5,335.5,332,333.75,NA,NA,NA,NA,NA,NA,NA,NA,NA,NA,NA,NA,NA,NA,NA,0.534550196,1.314102564,0.814531549,0.085180356,0.343373494,0.049543677,0.364624076,0.361364624,0.192090395,0.290091265,0.416775315,147,0.406779661,1.730263158,25,NA,NA,NA,NA,NA,NA,NA,NA,NA,NA,NA,NA,NA,NA,NA,NA,NA,NA,NA,NA,NA,NA,NA,NA,NA,NA,NA,NA,NA,NA,NA,NA,NA,"WM"
"63","WM-250","W","M",NA,21.12,NA,0,1,0.04,NA,NA,NA,NA,NA,0.12,0.4,0.4,0.04,0,2.166666667,NA,1.88,NA,4.12,NA,3.72,NA,2.04,NA,3.64,NA,1.56,NA,1.875,NA,4.68,NA,1.25,NA,2.68,NA,".",NA,1.64,NA,2,NA,3.36,NA,2.24,NA,NA,NA,NA,NA,NA,NA,168,231,263.5,126.5,1126,60.5,60.5,60.5,157,157.5,157.25,615.5,485,803,418.5,418,427,435,8,375,362,368.5,13,NA,200.5,441,442,441.5,347,352,349.5,NA,NA,NA,NA,NA,NA,NA,NA,NA,NA,NA,NA,NA,NA,NA,0.546625222,1.269072165,0.876660342,0.112344583,0.384737679,0.053730018,0.371669627,0.327264654,0.178063943,0.310390764,0.392095915,130.5,0.430728242,1.921052632,25,NA,NA,NA,NA,NA,NA,NA,NA,NA,NA,NA,NA,NA,NA,NA,NA,NA,NA,NA,NA,NA,NA,NA,NA,NA,NA,NA,NA,NA,NA,NA,NA,NA,"WM"
"64","WF-215","W","F",NA,30.64,NA,1,0,0,NA,NA,NA,NA,NA,0,0.04,0.04,0,0.92,1.68,NA,2.28,NA,3.28,NA,1.68,NA,2.32,NA,2.36,NA,4.25,NA,2.8,NA,2.24,NA,2.70212766,NA,2.16,NA,".",NA,1.64,NA,1.875,NA,2.96,NA,2.24,NA,NA,NA,NA,NA,NA,NA,171,231.5,275,153,1196.5,60.5,57.5,59,172.5,170,171.25,647,504.5,798,424,440,427.5,435,7.5,390,380.5,385.25,9.5,NA,224.5,490.5,480,485.25,310,319.5,314.75,NA,NA,NA,NA,NA,NA,NA,NA,NA,NA,NA,NA,NA,NA,NA,0.540743836,1.282457879,0.841818182,0.127872963,0.344525547,0.049310489,0.354366903,0.321980777,0.187630589,0.263058922,0.405557877,142.5,0.421646469,1.813636364,25,NA,NA,NA,NA,NA,NA,NA,NA,NA,NA,NA,NA,NA,NA,NA,NA,NA,NA,NA,NA,NA,NA,NA,NA,NA,NA,NA,NA,NA,NA,NA,NA,NA,"WF"
"65","WM-009","W","M",NA,23.69565217,NA,0,1,0.010869565,NA,NA,NA,NA,NA,0,0.108695652,0,0.010869565,0.869565217,2.119565217,NA,2.782608696,NA,4.076086957,NA,2.912087912,NA,2.380434783,NA,3.346153846,NA,2.032608696,NA,2.260869565,NA,4.72826087,NA,3.487804878,NA,2.391304348,NA,"4.36",NA,1.855555556,NA,2.456521739,NA,3.510869565,NA,2.230769231,NA,NA,NA,NA,NA,NA,NA,141.5,186,247.5,86.5,1103,55.5,53,54.25,146,148.5,147.25,631.5,497,766,394,468,406.5,400,6.5,385.5,386.5,386,1,NA,211,488.5,477.5,483,321,325.5,323.25,NA,NA,NA,NA,NA,NA,NA,NA,NA,NA,NA,NA,NA,NA,NA,0.572529465,1.270623742,0.751515152,0.078422484,0.368421053,0.049184044,0.357207616,0.349954669,0.191296464,0.29306437,0.437896646,0.121940163,0.450589302,1.636752137,92,NA,NA,NA,NA,NA,NA,NA,NA,NA,NA,NA,NA,NA,NA,NA,NA,NA,NA,NA,NA,NA,NA,NA,NA,NA,NA,NA,NA,NA,NA,NA,NA,NA,"WM"
"66","WF-025","W","F",NA,28.10869565,NA,0.989130435,0.010869565,0,NA,NA,NA,NA,NA,0,0.02173913,0,0,0.97826087,2.782608696,NA,2.72826087,NA,4.304347826,NA,1.793478261,NA,2.380434783,NA,2,NA,4.836956522,NA,2.195652174,NA,1.847826087,NA,3.75,NA,2.923913043,NA,"4",NA,2.532608696,NA,2.130434783,NA,3.315217391,NA,2.230769231,NA,NA,NA,NA,NA,NA,NA,149,173,280,92,1064.5,65.5,67.5,66.5,152,152,152,620,483,690.5,427,430.5,418,434.5,16.5,374,368.5,371.25,5.5,NA,162.5,442.5,418.5,430.5,330,335.5,332.75,NA,NA,NA,NA,NA,NA,NA,NA,NA,NA,NA,NA,NA,NA,NA,0.582433067,1.283643892,0.617857143,0.086425552,0.4375,0.062470643,0.40112729,0.348755284,0.152653828,0.31258807,0.404415218,0.12869892,0.453734147,1.603948897,92,NA,NA,NA,NA,NA,NA,NA,NA,NA,NA,NA,NA,NA,NA,NA,NA,NA,NA,NA,NA,NA,NA,NA,NA,NA,NA,NA,NA,NA,NA,NA,NA,NA,"WF"
"67","WF-244","W","F",NA,26.63636364,NA,1,0,0,NA,NA,NA,NA,NA,0,0,0,0,1,1.772727273,NA,2.090909091,NA,3.818181818,NA,2.909090909,NA,2,NA,2.454545455,NA,5.363636364,NA,2.318181818,NA,1.5,NA,4.488372093,NA,2.409090909,NA,".",NA,1.238095238,NA,1.863636364,NA,3.909090909,NA,2.227272727,NA,NA,NA,NA,NA,NA,NA,185,195.5,227.5,110.5,1139,57.5,61,59.25,170,167,168.5,619.5,481.5,814,449,399,444.5,455,10.5,349,349,349,0,NA,215.5,427,421,424,329,362,345.5,NA,NA,NA,NA,NA,NA,NA,NA,NA,NA,NA,NA,NA,NA,NA,0.543898156,1.286604361,0.859340659,0.097014925,0.351632047,0.052019315,0.394205443,0.306409131,0.189201054,0.30333626,0.372256365,138,0.422739245,2.040100251,22,NA,NA,NA,NA,NA,NA,NA,NA,NA,NA,NA,NA,NA,NA,NA,NA,NA,NA,NA,NA,NA,NA,NA,NA,NA,NA,NA,NA,NA,NA,NA,NA,NA,"WF"
"68","WM-020","W","M",NA,34.96590909,NA,0,1,0.011363636,NA,NA,NA,NA,NA,0,0.022727273,0,0,0.965909091,2.420454545,NA,2.431818182,NA,2.693181818,NA,2.227272727,NA,2.204545455,NA,2.592592593,NA,1.818181818,NA,2.238636364,NA,4.579545455,NA,4.28,NA,3.238636364,NA,"4",NA,1.875,NA,2.568181818,NA,3.068181818,NA,2.227272727,NA,NA,NA,NA,NA,NA,NA,149.5,210,245.5,87,1187,57.5,57.5,57.5,162,163,162.5,700,575,775,456.5,416.5,447.5,436,11.5,385.5,392.5,389,7,NA,260.5,520,508,514,381.5,366,373.75,NA,NA,NA,NA,NA,NA,NA,NA,NA,NA,NA,NA,NA,NA,NA,0.589721988,1.217391304,0.855397149,0.073294019,0.353846154,0.048441449,0.384582982,0.327716933,0.219460826,0.314869419,0.433024431,0.105307498,0.48441449,1.860744298,88,NA,NA,NA,NA,NA,NA,NA,NA,NA,NA,NA,NA,NA,NA,NA,NA,NA,NA,NA,NA,NA,NA,NA,NA,NA,NA,NA,NA,NA,NA,NA,NA,NA,"WM"
"69","WM-252","W","M",NA,32.77777778,NA,0,1,0,NA,NA,NA,NA,NA,0,0.185185185,0.037037037,0.037037037,0.740740741,1.777777778,NA,2.296296296,NA,3.111111111,NA,2,NA,2.074074074,NA,3.037037037,NA,1.37037037,NA,2.703703704,NA,5.148148148,NA,2.222222222,NA,1.888888889,NA,".",NA,1.740740741,NA,1.962962963,NA,3.888888889,NA,2.222222222,NA,NA,NA,NA,NA,NA,NA,149,241.5,298,108,1235,64,67,65.5,184.5,184.5,184.5,679.5,536.5,823,448.5,474,466,474,8,434.5,417,425.75,17.5,NA,244,500,502.5,501.25,390.5,383,386.75,NA,NA,NA,NA,NA,NA,NA,NA,NA,NA,NA,NA,NA,NA,NA,0.550202429,1.266542404,0.810402685,0.087449393,0.35501355,0.053036437,0.363157895,0.344736842,0.19757085,0.313157895,0.405870445,143,0.434412955,1.73628692,27,NA,NA,NA,NA,NA,NA,NA,NA,NA,NA,NA,NA,NA,NA,NA,NA,NA,NA,NA,NA,NA,NA,NA,NA,NA,NA,NA,NA,NA,NA,NA,NA,NA,"WM"
"70","WF-242","W","F",NA,27.28571429,NA,0.964285714,0.035714286,0.071428571,NA,NA,NA,NA,NA,0,0,0,0.071428571,0.857142857,1.607142857,NA,1.571428571,NA,4.75,NA,2.357142857,NA,1.428571429,NA,2.153846154,NA,5.535714286,NA,3.535714286,NA,1.321428571,NA,2.666666667,NA,1.714285714,NA,".",NA,1.714285714,NA,1.392857143,NA,4.214285714,NA,2.214285714,NA,NA,NA,NA,NA,NA,NA,171.5,207,280.5,106.5,1110.5,67.5,70.5,69,167,163.5,165.25,625.5,478.5,801,409.5,440.5,419.5,420,0.5,371.5,376,373.75,4.5,NA,203,426.5,422,424.25,314.5,306,310.25,NA,NA,NA,NA,NA,NA,NA,NA,NA,NA,NA,NA,NA,NA,NA,0.563259793,1.307210031,0.737967914,0.095902747,0.417549168,0.062134174,0.368752814,0.336560108,0.18280054,0.279378658,0.382035119,147,0.430886988,1.818388195,28,NA,NA,NA,NA,NA,NA,NA,NA,NA,NA,NA,NA,NA,NA,NA,NA,NA,NA,NA,NA,NA,NA,NA,NA,NA,NA,NA,NA,NA,NA,NA,NA,NA,"WF"
"71","WM-216","W","M",NA,30.88461538,NA,0,1,0.038461538,NA,NA,NA,NA,NA,0,0,0,0,0.961538462,2.653846154,NA,2.115384615,NA,2.653846154,NA,2.961538462,NA,2.307692308,NA,2.076923077,NA,2,NA,1.615384615,NA,3.615384615,NA,3.840909091,NA,3,NA,".",NA,2.038461538,NA,2.076923077,NA,3.192307692,NA,2.192307692,NA,NA,NA,NA,NA,NA,NA,161,218.5,265.5,130,1250,50.5,52.5,51.5,152.5,152.5,152.5,654.5,537,806.5,504.5,424,527.5,520,7.5,396,392.5,394.25,3.5,NA,243.5,474.5,488.5,481.5,456.5,454,455.25,NA,NA,NA,NA,NA,NA,NA,NA,NA,NA,NA,NA,NA,NA,NA,0.5236,1.218808194,0.822975518,0.104,0.337704918,0.0412,0.4036,0.3154,0.1948,0.3642,0.3852,117.5,0.4296,1.902122642,26,NA,NA,NA,NA,NA,NA,NA,NA,NA,NA,NA,NA,NA,NA,NA,NA,NA,NA,NA,NA,NA,NA,NA,NA,NA,NA,NA,NA,NA,NA,NA,NA,NA,"WM"
"72","WF-038","W","F",NA,28.72282609,NA,1,0,0,NA,NA,NA,NA,NA,0,0,0,0,1,2.02173913,NA,2.054347826,NA,3.315217391,NA,2.347826087,NA,1.836956522,NA,2.538461538,NA,4.293478261,NA,2.923913043,NA,2.445652174,NA,4.266666667,NA,2.032608696,NA,"4.461538462",NA,2.358695652,NA,2.119565217,NA,3.739130435,NA,2.175824176,NA,NA,NA,NA,NA,NA,NA,151,213.5,241,72,1136.5,61.5,59,60.25,146,148,147,681,596,788.5,445.5,431,428,436.5,8.5,368,371.5,369.75,3.5,NA,224,454.5,440.5,447.5,331,339,335,NA,NA,NA,NA,NA,NA,NA,NA,NA,NA,NA,NA,NA,NA,NA,0.599208095,1.14261745,0.885892116,0.063352398,0.409863946,0.053013638,0.391992961,0.325340959,0.197096348,0.294764628,0.39375275,0.074791025,0.52441707,1.829466357,92,NA,NA,NA,NA,NA,NA,NA,NA,NA,NA,NA,NA,NA,NA,NA,NA,NA,NA,NA,NA,NA,NA,NA,NA,NA,NA,NA,NA,NA,NA,NA,NA,NA,"WF"
"73","WF-021","W","F",NA,25.69230769,NA,0.989010989,0.010989011,0,NA,NA,NA,NA,NA,0,0.021978022,0,0.010989011,0.967032967,2.494505495,NA,3.285714286,NA,3.934065934,NA,2.824175824,NA,2.933333333,NA,2.666666667,NA,4.747252747,NA,2.211111111,NA,2.362637363,NA,3.926829268,NA,3.659340659,NA,"4.115384615",NA,1.835164835,NA,2.373626374,NA,3.494505495,NA,2.164835165,NA,NA,NA,NA,NA,NA,NA,155.5,207,254.5,107.5,1120,67,61.5,64.25,157.5,157,157.25,710,569.5,781,421.5,431,394.5,429.5,35,370.5,360,365.25,10.5,NA,206,472,446.5,459.25,317,338.5,327.75,NA,NA,NA,NA,NA,NA,NA,NA,NA,NA,NA,NA,NA,NA,NA,0.633928571,1.246707638,0.813359528,0.095982143,0.408585056,0.057366071,0.376339286,0.326116071,0.183928571,0.292633929,0.410044643,0.125446429,0.508482143,1.812064965,91,NA,NA,NA,NA,NA,NA,NA,NA,NA,NA,NA,NA,NA,NA,NA,NA,NA,NA,NA,NA,NA,NA,NA,NA,NA,NA,NA,NA,NA,NA,NA,NA,NA,"WF"
"74","WM-247","W","M",NA,25.5,NA,0,1,0,NA,NA,NA,NA,NA,0,0,0,0.038461538,0.961538462,2.04,NA,2.269230769,NA,2.72,NA,2.461538462,NA,2.038461538,NA,2.615384615,NA,1.769230769,NA,2.576923077,NA,3.923076923,NA,2.764705882,NA,2.458333333,NA,".",NA,1.769230769,NA,2.076923077,NA,3.230769231,NA,2.153846154,NA,NA,NA,NA,NA,NA,NA,169,209,265,94.5,1159,63,69.5,66.25,177,170,173.5,648,493,802,450,411.5,455,459.5,4.5,359,367,363,8,NA,241,442.5,447,444.75,347.5,353,350.25,NA,NA,NA,NA,NA,NA,NA,NA,NA,NA,NA,NA,NA,NA,NA,0.559102675,1.314401623,0.788679245,0.081535807,0.38184438,0.057161346,0.388265746,0.313201035,0.207937877,0.302200173,0.383735979,155,0.425366695,1.948967193,26,NA,NA,NA,NA,NA,NA,NA,NA,NA,NA,NA,NA,NA,NA,NA,NA,NA,NA,NA,NA,NA,NA,NA,NA,NA,NA,NA,NA,NA,NA,NA,NA,NA,"WM"
"75","WM-238","W","M",NA,24.81818182,NA,0,1,0,NA,NA,NA,NA,NA,0,0,0,0,1,1.666666667,NA,2.363636364,NA,3.272727273,NA,2.181818182,NA,2.136363636,NA,3.318181818,NA,1.5,NA,2.409090909,NA,4.590909091,NA,3.711538462,NA,1.772727273,NA,".",NA,1.428571429,NA,2.909090909,NA,3,NA,2.136363636,NA,NA,NA,NA,NA,NA,NA,172,216,252.5,116,1224,48.5,44,46.25,169.5,167.5,168.5,622.5,497.5,790.5,487.5,426,490.5,496.5,6,384.5,386.5,385.5,2,NA,238,459,470,464.5,394,417,405.5,NA,NA,NA,NA,NA,NA,NA,NA,NA,NA,NA,NA,NA,NA,NA,0.508578431,1.251256281,0.855445545,0.094771242,0.274480712,0.037785948,0.398284314,0.31495098,0.194444444,0.33129085,0.379493464,125,0.406454248,1.855633803,22,NA,NA,NA,NA,NA,NA,NA,NA,NA,NA,NA,NA,NA,NA,NA,NA,NA,NA,NA,NA,NA,NA,NA,NA,NA,NA,NA,NA,NA,NA,NA,NA,NA,"WM"
"76","WF-015","W","F",NA,24.21111111,NA,0.989010989,0.010989011,0,NA,NA,NA,NA,NA,0,0.021978022,0,0,0.978021978,1.934065934,NA,2.538461538,NA,4.648351648,NA,2.252747253,NA,2.411111111,NA,2.296296296,NA,5.285714286,NA,2.688888889,NA,1.955555556,NA,4.261904762,NA,2.3,NA,"4.461538462",NA,1.725274725,NA,1.967032967,NA,3.879120879,NA,2.131868132,NA,NA,NA,NA,NA,NA,NA,165.5,183.5,241.5,104,1120,59,57.5,58.25,163,163.5,163.25,691,621.5,790,426,434.5,400,419.5,19.5,359.5,348.5,354,11,NA,229.5,493,487,490,352.5,375,363.75,NA,NA,NA,NA,NA,NA,NA,NA,NA,NA,NA,NA,NA,NA,NA,0.616964286,1.111826227,0.759834369,0.092857143,0.356814701,0.052008929,0.380357143,0.316071429,0.204910714,0.324776786,0.4375,0.062053571,0.554910714,1.818181818,91,NA,NA,NA,NA,NA,NA,NA,NA,NA,NA,NA,NA,NA,NA,NA,NA,NA,NA,NA,NA,NA,NA,NA,NA,NA,NA,NA,NA,NA,NA,NA,NA,NA,"WF"
"77","WF-200","W","F",NA,33.04,NA,1,0,0.08,NA,NA,NA,NA,NA,0,0.44,0.08,0.12,0.28,2.4,NA,2.28,NA,4,NA,2.28,NA,1.6,NA,2.2,NA,4.6,NA,2.56,NA,1.92,NA,1.745098039,NA,2.166666667,NA,".",NA,2.8,NA,2.12,NA,3.96,NA,2.12,NA,NA,NA,NA,NA,NA,NA,163,215.5,301.5,116,1135.5,84,77.5,80.75,178,169,173.5,626,512,790.5,354,471,404.5,403,1.5,416.5,411,413.75,5.5,NA,211,458.5,467,462.75,304,316.5,310.25,NA,NA,NA,NA,NA,NA,NA,NA,NA,NA,NA,NA,NA,NA,NA,0.551298987,1.22265625,0.714759536,0.10215764,0.465417867,0.071114047,0.311756935,0.364376926,0.185821224,0.273227653,0.407529723,114,0.450902686,1.678343949,25,NA,NA,NA,NA,NA,NA,NA,NA,NA,NA,NA,NA,NA,NA,NA,NA,NA,NA,NA,NA,NA,NA,NA,NA,NA,NA,NA,NA,NA,NA,NA,NA,NA,"WF"
"78","WF-023","W","F",NA,32.74193548,NA,1,0,0.021505376,NA,NA,NA,NA,NA,0,0.086021505,0.021505376,0.021505376,0.849462366,2.217391304,NA,2.065217391,NA,2.739130435,NA,2.489130435,NA,1.891304348,NA,2.416666667,NA,3.956521739,NA,3.054347826,NA,2.373626374,NA,2.836734694,NA,2.714285714,NA,"3.961538462",NA,1.858695652,NA,1.902173913,NA,3.571428571,NA,2.108695652,NA,NA,NA,NA,NA,NA,NA,167,225,214,87,1127.5,55,61.5,58.25,164.5,166.5,165.5,685.5,575.5,780,466.5,417,469.5,477.5,8,354.5,349.5,352,5,NA,207,453.5,455,454.25,369.5,377,373.25,NA,NA,NA,NA,NA,NA,NA,NA,NA,NA,NA,NA,NA,NA,NA,0.607982262,1.191138141,1.051401869,0.077161863,0.351963746,0.051662971,0.413747228,0.312195122,0.183592018,0.331042129,0.402882483,0.097560976,0.510421286,1.870503597,93,NA,NA,NA,NA,NA,NA,NA,NA,NA,NA,NA,NA,NA,NA,NA,NA,NA,NA,NA,NA,NA,NA,NA,NA,NA,NA,NA,NA,NA,NA,NA,NA,NA,"WF"
"79","WM-022","W","M",NA,29.06451613,NA,0,1,0,NA,NA,NA,NA,NA,0,0.505376344,0.010752688,0.043010753,0.440860215,1.967032967,NA,3.065217391,NA,2.891304348,NA,2.717391304,NA,2.52173913,NA,3.172413793,NA,1.619565217,NA,2,NA,4.879120879,NA,1.941176471,NA,2.880434783,NA,"2.884615385",NA,1.72826087,NA,3.10989011,NA,3.010989011,NA,2.086956522,NA,NA,NA,NA,NA,NA,NA,142,212.5,245.5,103,1081.5,42,43,42.5,143,146,144.5,711.5,648.5,796,387,415.5,424,403,21,372.5,385,378.75,12.5,NA,204.5,470,469,469.5,355.5,329,342.25,NA,NA,NA,NA,NA,NA,NA,NA,NA,NA,NA,NA,NA,NA,NA,0.657882571,1.097147263,0.865580448,0.095238095,0.294117647,0.039297272,0.357836338,0.350208044,0.189089228,0.316458622,0.434119279,0.058252427,0.599630143,1.91576414,93,NA,NA,NA,NA,NA,NA,NA,NA,NA,NA,NA,NA,NA,NA,NA,NA,NA,NA,NA,NA,NA,NA,NA,NA,NA,NA,NA,NA,NA,NA,NA,NA,NA,"WM"
"80","WM-210","W","M",NA,21.5,NA,0,1,0,NA,NA,NA,NA,NA,0,0,0,0,1,2.214285714,NA,2.407407407,NA,2.964285714,NA,3.178571429,NA,1.821428571,NA,2,NA,1.678571429,NA,2.035714286,NA,3.481481481,NA,3.823529412,NA,2.785714286,NA,".",NA,1.75,NA,1.714285714,NA,3.321428571,NA,2.071428571,NA,NA,NA,NA,NA,NA,NA,161,206,252,100.5,1019,48.5,52,50.25,147.5,150.5,149,653,540.5,803,324.5,398,338.5,340,1.5,365,370,367.5,5,NA,202.5,424,428,426,289,294,291.5,NA,NA,NA,NA,NA,NA,NA,NA,NA,NA,NA,NA,NA,NA,NA,0.640824338,1.208140611,0.817460317,0.098626104,0.337248322,0.049313052,0.31844946,0.360647694,0.198724239,0.286064769,0.418056919,112.5,0.530421982,2.01758794,28,NA,NA,NA,NA,NA,NA,NA,NA,NA,NA,NA,NA,NA,NA,NA,NA,NA,NA,NA,NA,NA,NA,NA,NA,NA,NA,NA,NA,NA,NA,NA,NA,NA,"WM"
"81","WF-218","W","F",NA,28.96551724,NA,1,0,0,NA,NA,NA,NA,NA,0,0,0,0,1,2,NA,2.448275862,NA,3.620689655,NA,2.24137931,NA,2.24137931,NA,2.571428571,NA,4.655172414,NA,2.448275862,NA,1.827586207,NA,3.175,NA,2.107142857,NA,".",NA,2.178571429,NA,2.034482759,NA,3.103448276,NA,2.068965517,NA,NA,NA,NA,NA,NA,NA,164.5,205,243,125.5,1066,67,67,67,162.5,161,161.75,610.5,490.5,807,394,420,399.5,400,0.5,355,357,356,2,NA,190,424.5,416,420.25,318,313,315.5,NA,NA,NA,NA,NA,NA,NA,NA,NA,NA,NA,NA,NA,NA,NA,0.572701689,1.244648318,0.843621399,0.117729831,0.414219474,0.062851782,0.369606004,0.333958724,0.178236398,0.295966229,0.394230769,120,0.460131332,1.921428571,28,NA,NA,NA,NA,NA,NA,NA,NA,NA,NA,NA,NA,NA,NA,NA,NA,NA,NA,NA,NA,NA,NA,NA,NA,NA,NA,NA,NA,NA,NA,NA,NA,NA,"WF"
"82","WF-030","W","F",NA,24.17977528,NA,0.966292135,0.033707865,0,NA,NA,NA,NA,NA,0,0.078651685,0.02247191,0.033707865,0.865168539,2.550561798,NA,2.157303371,NA,2.730337079,NA,3.101123596,NA,2.02247191,NA,2.076923077,NA,4.202247191,NA,2.280898876,NA,2.191011236,NA,3.558139535,NA,3.280898876,NA,"4",NA,1.897727273,NA,1.786516854,NA,3.795454545,NA,2.068181818,NA,NA,NA,NA,NA,NA,NA,174.5,187.5,206.5,89,1087,56.5,58.5,57.5,151.5,148.5,150,695,651,796,434.5,406,429.5,431.5,2,327,333.5,330.25,6.5,NA,222,458,460,459,312.5,313.5,313,NA,NA,NA,NA,NA,NA,NA,NA,NA,NA,NA,NA,NA,NA,NA,0.639374425,1.067588326,0.907990315,0.081876725,0.383333333,0.052897884,0.399724011,0.303817847,0.204231831,0.287948482,0.422263109,0.040478381,0.598896044,1.960591133,89,NA,NA,NA,NA,NA,NA,NA,NA,NA,NA,NA,NA,NA,NA,NA,NA,NA,NA,NA,NA,NA,NA,NA,NA,NA,NA,NA,NA,NA,NA,NA,NA,NA,"WF"
"83","WF-027","W","F",NA,21.29213483,NA,1,0,0,NA,NA,NA,NA,NA,0,0.112359551,0.02247191,0.056179775,0.808988764,1.602272727,NA,1.808988764,NA,4.685393258,NA,2.674157303,NA,1.808988764,NA,2.217391304,NA,5.314606742,NA,3.078651685,NA,1.505617978,NA,3.204545455,NA,1.95505618,NA,"4.576923077",NA,1.797752809,NA,1.741573034,NA,3.95505618,NA,2.06741573,NA,NA,NA,NA,NA,NA,NA,155.5,218.5,292,85.5,1101,69.5,70,69.75,165,165,165,689.5,602,783,439,449,403.5,416.5,13,388.5,384,386.25,4.5,NA,176.5,452.5,435.5,444,320,330,325,NA,NA,NA,NA,NA,NA,NA,NA,NA,NA,NA,NA,NA,NA,NA,0.626248865,1.145348837,0.748287671,0.077656676,0.422727273,0.063351499,0.398728429,0.350817439,0.16030881,0.295186194,0.403269755,0.079473206,0.546775658,1.743875278,89,NA,NA,NA,NA,NA,NA,NA,NA,NA,NA,NA,NA,NA,NA,NA,NA,NA,NA,NA,NA,NA,NA,NA,NA,NA,NA,NA,NA,NA,NA,NA,NA,NA,"WF"
"84","WM-029","W","M",NA,28.5862069,NA,0.011494253,0.988505747,0.011494253,NA,NA,NA,NA,NA,0,0.022988506,0.011494253,0,0.954022989,1.885057471,NA,1.770114943,NA,4.586206897,NA,2.494252874,NA,1.655172414,NA,2.821428571,NA,1.609195402,NA,2.666666667,NA,5.206896552,NA,3.76,NA,2.275862069,NA,"4.5",NA,1.655172414,NA,1.827586207,NA,3.701149425,NA,2.045977011,NA,NA,NA,NA,NA,NA,NA,142,200.5,251.5,100,1081.5,57.5,57,57.25,148,153,150.5,666.5,650,761,372.5,417,441,437.5,3.5,383.5,375,379.25,8.5,NA,203,479.5,476.5,478,376.5,371.5,374,NA,NA,NA,NA,NA,NA,NA,NA,NA,NA,NA,NA,NA,NA,NA,0.616273694,1.025384615,0.7972167,0.09246417,0.380398671,0.052935737,0.344429034,0.350670365,0.187702265,0.345815996,0.441978733,0.015256588,0.601017106,1.824940048,87,NA,NA,NA,NA,NA,NA,NA,NA,NA,NA,NA,NA,NA,NA,NA,NA,NA,NA,NA,NA,NA,NA,NA,NA,NA,NA,NA,NA,NA,NA,NA,NA,NA,"WM"
"85","WF-207","W","F",NA,24.875,NA,1,0,0,NA,NA,NA,NA,NA,0,0,0,0,1,1.625,NA,1.695652174,NA,4.458333333,NA,2.608695652,NA,1.5,NA,2.375,NA,5.25,NA,3.363636364,NA,1.458333333,NA,4.47826087,NA,1.583333333,NA,".",NA,1.541666667,NA,1.583333333,NA,3.958333333,NA,2.041666667,NA,NA,NA,NA,NA,NA,NA,177,211.5,259,71,1138,42.5,48,45.25,152.5,161,156.75,625.5,466.5,808.5,448,409,463,472,9,364.5,362.5,363.5,2,NA,232,416,421,418.5,376.5,386.5,381.5,NA,NA,NA,NA,NA,NA,NA,NA,NA,NA,NA,NA,NA,NA,NA,0.549648506,1.340836013,0.816602317,0.062390158,0.288676236,0.039762742,0.393673111,0.319420035,0.203866432,0.335237258,0.367750439,159,0.409929701,1.976772616,24,NA,NA,NA,NA,NA,NA,NA,NA,NA,NA,NA,NA,NA,NA,NA,NA,NA,NA,NA,NA,NA,NA,NA,NA,NA,NA,NA,NA,NA,NA,NA,NA,NA,"WF"
"86","WM-230","W","M",NA,21.60714286,NA,0,1,0,NA,NA,NA,NA,NA,0,0,0,0,1,1.814814815,NA,1.785714286,NA,3.142857143,NA,3.964285714,NA,2,NA,2.678571429,NA,1.851851852,NA,3.214285714,NA,3.821428571,NA,4.272727273,NA,1.928571429,NA,".",NA,1.5,NA,2.035714286,NA,3.392857143,NA,2.035714286,NA,NA,NA,NA,NA,NA,NA,173,229.5,275.5,65,1189.5,59,56,57.5,161.5,156,158.75,640.5,506,820,493,421.5,495.5,504.5,9,390.5,368.5,379.5,22,NA,236.5,456.5,438,447.25,388,391,389.5,NA,NA,NA,NA,NA,NA,NA,NA,NA,NA,NA,NA,NA,NA,NA,0.538461538,1.265810277,0.833030853,0.054644809,0.362204724,0.048339639,0.414459857,0.319041614,0.198823035,0.327448508,0.375998319,134.5,0.425388819,1.945432977,28,NA,NA,NA,NA,NA,NA,NA,NA,NA,NA,NA,NA,NA,NA,NA,NA,NA,NA,NA,NA,NA,NA,NA,NA,NA,NA,NA,NA,NA,NA,NA,NA,NA,"WM"
"87","WM-031","W","M",NA,21.73563218,NA,0,1,0,NA,NA,NA,NA,NA,0,0.011627907,0,0,0.988372093,2.287356322,NA,2.712643678,NA,3.045977011,NA,3.482758621,NA,2.195402299,NA,2.928571429,NA,2.137931034,NA,2.471264368,NA,4.081395349,NA,4.25,NA,2.482758621,NA,"4.653846154",NA,1.735632184,NA,2.476744186,NA,3.390804598,NA,2.011627907,NA,NA,NA,NA,NA,NA,NA,163,200.5,252.5,89,1115.5,65,65.5,65.25,163.5,163.5,163.5,675.5,528.5,789,378.5,452,422.5,393.5,29,400,396,398,4,NA,236,504,495.5,499.75,349,323,336,NA,NA,NA,NA,NA,NA,NA,NA,NA,NA,NA,NA,NA,NA,NA,0.605558046,1.278145695,0.794059406,0.07978485,0.399082569,0.058493949,0.339309727,0.356790677,0.211564321,0.30121022,0.448005379,0.131779471,0.473778575,1.745575221,86,NA,NA,NA,NA,NA,NA,NA,NA,NA,NA,NA,NA,NA,NA,NA,NA,NA,NA,NA,NA,NA,NA,NA,NA,NA,NA,NA,NA,NA,NA,NA,NA,NA,"WM"
"88","WM-202","W","M",NA,21.69230769,NA,0,1,0,NA,NA,NA,NA,NA,0,0,0,0,1,1.769230769,NA,1.56,NA,2.653846154,NA,3.192307692,NA,1.269230769,NA,2.038461538,NA,1.68,NA,2.269230769,NA,4.346153846,NA,3.163265306,NA,1.769230769,NA,".",NA,1.423076923,NA,1.653846154,NA,3.769230769,NA,2,NA,NA,NA,NA,NA,NA,NA,154.5,239,205.5,105,1193,70,73,71.5,169,163,166,641,507,798.5,488.5,402.5,487.5,492.5,5,366.5,359,362.75,7.5,NA,239.5,465.5,452.5,459,394,405,399.5,NA,NA,NA,NA,NA,NA,NA,NA,NA,NA,NA,NA,NA,NA,NA,0.537300922,1.264299803,1.163017032,0.088013412,0.430722892,0.059932942,0.40947192,0.304065381,0.200754401,0.334870075,0.384744342,134,0.424979044,1.983850932,26,NA,NA,NA,NA,NA,NA,NA,NA,NA,NA,NA,NA,NA,NA,NA,NA,NA,NA,NA,NA,NA,NA,NA,NA,NA,NA,NA,NA,NA,NA,NA,NA,NA,"WM"
"89","WF-212","W","F",NA,22.96551724,NA,1,0,0,NA,NA,NA,NA,NA,0,0,0,0,1,1.275862069,NA,1.413793103,NA,4.275862069,NA,2.034482759,NA,1.379310345,NA,2.310344828,NA,5.517241379,NA,3.206896552,NA,1.142857143,NA,4.235294118,NA,1.586206897,NA,".",NA,1.24137931,NA,1.379310345,NA,3.551724138,NA,2,NA,NA,NA,NA,NA,NA,NA,182,197,277.5,119,1092.5,48.5,56,52.25,148.5,162,155.25,621,463,785,405,420.5,377.5,396,18.5,385.5,381,383.25,4.5,NA,197.5,433,422,427.5,296.5,290,293.25,NA,NA,NA,NA,NA,NA,NA,NA,NA,NA,NA,NA,NA,NA,NA,0.568421053,1.3412527,0.70990991,0.108924485,0.336553945,0.047826087,0.370709382,0.350800915,0.180778032,0.268421053,0.391304348,158,0.423798627,1.866825208,29,NA,NA,NA,NA,NA,NA,NA,NA,NA,NA,NA,NA,NA,NA,NA,NA,NA,NA,NA,NA,NA,NA,NA,NA,NA,NA,NA,NA,NA,NA,NA,NA,NA,"WF"
"90","WF-206","W","F",NA,28.06896552,NA,1,0,0,NA,NA,NA,NA,NA,0,0.103448276,0.172413793,0,0.724137931,1.931034483,NA,4.068965517,NA,4.517241379,NA,1.931034483,NA,3.172413793,NA,3.620689655,NA,5.571428571,NA,1.689655172,NA,1.827586207,NA,2.542857143,NA,2.607142857,NA,".",NA,1.464285714,NA,3.310344828,NA,2.931034483,NA,2,NA,NA,NA,NA,NA,NA,NA,172,207.5,273,119,1183,49.5,47,48.25,154,151,152.5,628.5,488.5,797.5,477,441,463,475.5,12.5,386.5,381.5,384,5,NA,206,432.5,454,443.25,335,358.5,346.75,NA,NA,NA,NA,NA,NA,NA,NA,NA,NA,NA,NA,NA,NA,NA,0.531276416,1.286591607,0.76007326,0.100591716,0.316393443,0.040786137,0.403212172,0.324598478,0.174133559,0.293110735,0.374683009,140,0.412933221,1.808390023,29,NA,NA,NA,NA,NA,NA,NA,NA,NA,NA,NA,NA,NA,NA,NA,NA,NA,NA,NA,NA,NA,NA,NA,NA,NA,NA,NA,NA,NA,NA,NA,NA,NA,"WF"
"91","WF-039","W","F",NA,23.72340426,NA,1,0,0,NA,NA,NA,NA,NA,0.010416667,0.0625,0.020833333,0,0.90625,2.083333333,NA,2.083333333,NA,3.364583333,NA,3.260416667,NA,1.875,NA,1.851851852,NA,4.59375,NA,2.447916667,NA,2.03125,NA,3.288888889,NA,2.833333333,NA,"4.48",NA,2.104166667,NA,1.747368421,NA,3.677083333,NA,1.989473684,NA,NA,NA,NA,NA,NA,NA,163.5,190.5,233,82,1098.5,63,61,62,159.5,156,157.75,688.5,557,791,420.5,415,437,399,38,343.5,351.5,347.5,8,NA,214.5,442.5,436,439.25,319,299.5,309.25,NA,NA,NA,NA,NA,NA,NA,NA,NA,NA,NA,NA,NA,NA,NA,0.626763769,1.236086176,0.817596567,0.074647246,0.393026941,0.056440601,0.38279472,0.316340464,0.195266272,0.281520255,0.39986345,0.119708694,0.507055075,1.906024096,96,NA,NA,NA,NA,NA,NA,NA,NA,NA,NA,NA,NA,NA,NA,NA,NA,NA,NA,NA,NA,NA,NA,NA,NA,NA,NA,NA,NA,NA,NA,NA,NA,NA,"WF"
"92","WF-031","W","F",NA,23.23529412,NA,0.988095238,0.011904762,0,NA,NA,NA,NA,NA,0,0.023529412,0,0,0.976470588,2.166666667,NA,2.035714286,NA,4.12195122,NA,2.879518072,NA,1.976190476,NA,2.043478261,NA,4.952380952,NA,2.452380952,NA,1.843373494,NA,4,NA,2.869047619,NA,"4.346153846",NA,1.773809524,NA,1.892857143,NA,3.731707317,NA,1.975903614,NA,NA,NA,NA,NA,NA,NA,166.5,189.5,241,112,1077.5,58.5,60.5,59.5,157,159,158,691,616.5,789,418,410,417,428.5,11.5,340,344.5,342.25,4.5,NA,190.5,438,439.5,438.75,327.5,329,328.25,NA,NA,NA,NA,NA,NA,NA,NA,NA,NA,NA,NA,NA,NA,NA,0.641299304,1.120843471,0.786307054,0.103944316,0.376582278,0.055220418,0.387935035,0.317633411,0.176798144,0.304640371,0.407192575,0.069141531,0.572157773,1.924390244,85,NA,NA,NA,NA,NA,NA,NA,NA,NA,NA,NA,NA,NA,NA,NA,NA,NA,NA,NA,NA,NA,NA,NA,NA,NA,NA,NA,NA,NA,NA,NA,NA,NA,"WF"
"93","WM-013","W","M",NA,32.37931034,NA,0,1,0,NA,NA,NA,NA,NA,0,0.011494253,0,0.011494253,0.977011494,2.488372093,NA,2.720930233,NA,2.755813953,NA,2.034883721,NA,2.511627907,NA,2.64,NA,1.802325581,NA,2.117647059,NA,4.325581395,NA,3.58490566,NA,3.476190476,NA,"4.423076923",NA,1.872093023,NA,2.552941176,NA,3.209302326,NA,1.965116279,NA,NA,NA,NA,NA,NA,NA,143,204,241,71,1100,53.5,58.5,56,151,153,152,674.5,616,757,437.5,416.5,460.5,422,38.5,350,366.5,358.25,16.5,NA,242,481.5,478.5,480,357.5,337,347.25,NA,NA,NA,NA,NA,NA,NA,NA,NA,NA,NA,NA,NA,NA,NA,0.613181818,1.094967532,0.846473029,0.064545455,0.368421053,0.050909091,0.397727273,0.325681818,0.22,0.315681818,0.436363636,0.053181818,0.56,1.817527011,87,NA,NA,NA,NA,NA,NA,NA,NA,NA,NA,NA,NA,NA,NA,NA,NA,NA,NA,NA,NA,NA,NA,NA,NA,NA,NA,NA,NA,NA,NA,NA,NA,NA,"WM"
"94","WM-016","W","M",NA,30.39534884,NA,0.011627907,0.988372093,0,NA,NA,NA,NA,NA,0,0.034883721,0,0,0.965116279,2.104651163,NA,3.174418605,NA,3.255813953,NA,1.848837209,NA,2.523255814,NA,4.125,NA,1.406976744,NA,2.11627907,NA,5.209302326,NA,4.01754386,NA,2.61627907,NA,"4.5",NA,1.61627907,NA,3.058823529,NA,3.081395349,NA,1.953488372,NA,NA,NA,NA,NA,NA,NA,144,217,252.5,100.5,1086.5,53.5,56.5,55,155,159.5,157.25,698.5,641,791,354,390,387,379,8,359.5,365,362.25,5.5,NA,240.5,486.5,487.5,487,360,329,344.5,NA,NA,NA,NA,NA,NA,NA,NA,NA,NA,NA,NA,NA,NA,NA,0.642890014,1.089703588,0.859405941,0.09249885,0.349761526,0.050621261,0.325816843,0.333410032,0.221352968,0.317073171,0.448228256,0.052922227,0.589967786,2.028205128,86,NA,NA,NA,NA,NA,NA,NA,NA,NA,NA,NA,NA,NA,NA,NA,NA,NA,NA,NA,NA,NA,NA,NA,NA,NA,NA,NA,NA,NA,NA,NA,NA,NA,"WM"
"95","WM-004","W","M",NA,25.8172043,NA,0,1,0,NA,NA,NA,NA,NA,0,0,0,0.010752688,0.989247312,1.804347826,NA,1.835164835,NA,4.663043478,NA,2.467391304,NA,1.739130435,NA,3.153846154,NA,1.804347826,NA,2.630434783,NA,4.847826087,NA,4.288461538,NA,2.434782609,NA,"4.692307692",NA,1.467391304,NA,1.760869565,NA,3.56043956,NA,1.934065934,NA,NA,NA,NA,NA,NA,NA,151,227,245.5,92,1156,52,52.5,52.25,156.5,153.5,155,662.5,616,781.5,442,448,422.5,427,4.5,387,381.5,384.25,5.5,NA,228.5,500.5,489,494.75,358.5,357.5,358,NA,NA,NA,NA,NA,NA,NA,NA,NA,NA,NA,NA,NA,NA,NA,0.573096886,1.075487013,0.924643585,0.079584775,0.337096774,0.045198962,0.382352941,0.332396194,0.19766436,0.309688581,0.427984429,0.040224913,0.532871972,1.744419643,93,NA,NA,NA,NA,NA,NA,NA,NA,NA,NA,NA,NA,NA,NA,NA,NA,NA,NA,NA,NA,NA,NA,NA,NA,NA,NA,NA,NA,NA,NA,NA,NA,NA,"WM"
"96","WM-245","W","M",NA,26.27586207,NA,0,1,0,NA,NA,NA,NA,NA,0,0,0,0,1,2.586206897,NA,2.931034483,NA,3.357142857,NA,2.142857143,NA,2.714285714,NA,2.862068966,NA,1.344827586,NA,1.448275862,NA,4.620689655,NA,3.955555556,NA,3.413793103,NA,".",NA,1.379310345,NA,2.75862069,NA,2.827586207,NA,1.931034483,NA,NA,NA,NA,NA,NA,NA,165.5,218,257.5,79.5,1135,51.5,48.5,50,162.5,158.5,160.5,626.5,496.5,796,436,420,447,461.5,14.5,388,382.5,385.25,5.5,NA,226,433.5,441,437.25,354,379.5,366.75,NA,NA,NA,NA,NA,NA,NA,NA,NA,NA,NA,NA,NA,NA,NA,0.551982379,1.26183283,0.846601942,0.070044053,0.31152648,0.044052863,0.384140969,0.339427313,0.199118943,0.323127753,0.385242291,130,0.437444934,1.895238095,29,NA,NA,NA,NA,NA,NA,NA,NA,NA,NA,NA,NA,NA,NA,NA,NA,NA,NA,NA,NA,NA,NA,NA,NA,NA,NA,NA,NA,NA,NA,NA,NA,NA,"WM"
"97","WM-205","W","M",NA,29.36,NA,0,1,0,NA,NA,NA,NA,NA,0,0,0,0,1,1.84,NA,3.041666667,NA,3.8,NA,2.32,NA,2.2,NA,3.52,NA,1.541666667,NA,1.6,NA,5,NA,4.428571429,NA,1.96,NA,".",NA,1.44,NA,2.6,NA,3.04,NA,1.92,NA,NA,NA,NA,NA,NA,NA,160.5,232,276.5,106,1276.5,60.5,56.5,58.5,167.5,165,166.25,579.5,489,821,487,436.5,499.5,494,5.5,418.5,415,416.75,3.5,NA,270,510.5,498.5,504.5,442.5,437.5,440,NA,NA,NA,NA,NA,NA,NA,NA,NA,NA,NA,NA,NA,NA,NA,0.453975715,1.185071575,0.839059675,0.083039561,0.351879699,0.045828437,0.381511947,0.326478653,0.211515864,0.344692519,0.395221308,90.5,0.383078731,1.880870561,25,NA,NA,NA,NA,NA,NA,NA,NA,NA,NA,NA,NA,NA,NA,NA,NA,NA,NA,NA,NA,NA,NA,NA,NA,NA,NA,NA,NA,NA,NA,NA,NA,NA,"WM"
"98","WM-024","W","M",NA,20.81707317,NA,0,1,0.012195122,NA,NA,NA,NA,NA,0,0.024390244,0.012195122,0.024390244,0.926829268,2.426829268,NA,1.93902439,NA,3.646341463,NA,3.609756098,NA,1.901234568,NA,2.28,NA,2.219512195,NA,2.890243902,NA,3.951219512,NA,3.269230769,NA,2.585365854,NA,"4.307692308",NA,2.182926829,NA,1.817073171,NA,3.780487805,NA,1.913580247,NA,NA,NA,NA,NA,NA,NA,155,203,231,83.5,1038.5,62,57.5,59.75,150,155.5,152.75,680,555.5,784,371,426,410.5,414.5,4,354.5,360.5,357.5,6,NA,207,469,466.5,467.75,324,330,327,NA,NA,NA,NA,NA,NA,NA,NA,NA,NA,NA,NA,NA,NA,NA,0.654790563,1.224122412,0.878787879,0.080404429,0.391162029,0.057534906,0.357246028,0.344246509,0.199325951,0.314877227,0.450409244,0.119884449,0.534906115,1.840375587,82,NA,NA,NA,NA,NA,NA,NA,NA,NA,NA,NA,NA,NA,NA,NA,NA,NA,NA,NA,NA,NA,NA,NA,NA,NA,NA,NA,NA,NA,NA,NA,NA,NA,"WM"
"99","WM-033","W","M",NA,26.59340659,NA,0.021978022,0.978021978,0,NA,NA,NA,NA,NA,0,0,0,0.010989011,0.989010989,1.725274725,NA,1.755555556,NA,3.846153846,NA,2.230769231,NA,1.835164835,NA,2.814814815,NA,1.78021978,NA,2.511111111,NA,4.555555556,NA,4.142857143,NA,2.244444444,NA,"4.769230769",NA,1.516483516,NA,1.846153846,NA,3.582417582,NA,1.9,NA,NA,NA,NA,NA,NA,NA,156,214.5,244,109,1059.5,57,55.5,56.25,166,167.5,166.75,623.5,592.5,805,364.5,431.5,396.5,393.5,3,363,366.5,364.75,3.5,NA,210.5,475.5,477,476.25,327.5,344,335.75,NA,NA,NA,NA,NA,NA,NA,NA,NA,NA,NA,NA,NA,NA,NA,0.588485134,1.052320675,0.879098361,0.102878716,0.337331334,0.053091081,0.344030203,0.344266163,0.198678622,0.316894762,0.449504483,0.029259084,0.55922605,1.865585168,91,NA,NA,NA,NA,NA,NA,NA,NA,NA,NA,NA,NA,NA,NA,NA,NA,NA,NA,NA,NA,NA,NA,NA,NA,NA,NA,NA,NA,NA,NA,NA,NA,NA,"WM"
"100","WM-231","W","M",NA,20.5862069,NA,0,1,0.034482759,NA,NA,NA,NA,NA,0,0.275862069,0.137931034,0,0.551724138,2,NA,2.172413793,NA,3.642857143,NA,4.068965517,NA,1.655172414,NA,2.607142857,NA,1.862068966,NA,2.310344828,NA,4.24137931,NA,2.235294118,NA,2.586206897,NA,".",NA,1.482758621,NA,2.137931034,NA,3.275862069,NA,1.896551724,NA,NA,NA,NA,NA,NA,NA,177,229.5,249.5,118,1166,55.5,55.5,55.5,159.5,158,158.75,651,497,823,452.5,418,461,478.5,17.5,369.5,367.5,368.5,2,NA,224.5,439.5,441,440.25,347,362,354.5,NA,NA,NA,NA,NA,NA,NA,NA,NA,NA,NA,NA,NA,NA,NA,0.558319039,1.309859155,0.919839679,0.101200686,0.349606299,0.047598628,0.388078902,0.316037736,0.192538593,0.304030875,0.377572899,154,0.426243568,1.968899522,29,NA,NA,NA,NA,NA,NA,NA,NA,NA,NA,NA,NA,NA,NA,NA,NA,NA,NA,NA,NA,NA,NA,NA,NA,NA,NA,NA,NA,NA,NA,NA,NA,NA,"WM"
"101","WM-234","W","M",NA,23.31034483,NA,0,1,0,NA,NA,NA,NA,NA,0,0,0,0,1,1.862068966,NA,2.862068966,NA,2.551724138,NA,2.724137931,NA,2,NA,3.107142857,NA,1.586206897,NA,2.137931034,NA,4.517241379,NA,4.26,NA,2.172413793,NA,".",NA,1.310344828,NA,2.517241379,NA,2.862068966,NA,1.896551724,NA,NA,NA,NA,NA,NA,NA,172,206.5,239,45,1086.5,39,41,40,143.5,146.5,145,655,527.5,794,406.5,406.5,402,411,9,382.5,377.5,380,5,NA,265.5,426.5,439.5,433,317,326.5,321.75,NA,NA,NA,NA,NA,NA,NA,NA,NA,NA,NA,NA,NA,NA,NA,0.602853198,1.241706161,0.864016736,0.041417395,0.275862069,0.036815462,0.374137138,0.349746894,0.244362632,0.296134376,0.398527382,127.5,0.485503912,1.953259533,29,NA,NA,NA,NA,NA,NA,NA,NA,NA,NA,NA,NA,NA,NA,NA,NA,NA,NA,NA,NA,NA,NA,NA,NA,NA,NA,NA,NA,NA,NA,NA,NA,NA,"WM"
"102","WM-218","W","M",NA,25.82142857,NA,0,1,0,NA,NA,NA,NA,NA,0,0.035714286,0.071428571,0.071428571,0.821428571,1.535714286,NA,2.071428571,NA,2.857142857,NA,1.857142857,NA,1.571428571,NA,2.5,NA,1.357142857,NA,1.888888889,NA,4.392857143,NA,2.595744681,NA,2.071428571,NA,".",NA,1.464285714,NA,1.777777778,NA,3.107142857,NA,1.892857143,NA,NA,NA,NA,NA,NA,NA,152.5,227.5,277.5,76.5,1113.5,60.5,58.5,59.5,152.5,151,151.75,572.5,438.5,730.5,399,408,424.5,420,4.5,371.5,384.5,378,13,NA,225,431,445,438,297.5,319.5,308.5,NA,NA,NA,NA,NA,NA,NA,NA,NA,NA,NA,NA,NA,NA,NA,0.514144589,1.305587229,0.81981982,0.06870229,0.392092257,0.053435115,0.358329591,0.339470139,0.202065559,0.277054333,0.393354288,134,0.393803323,1.790441176,28,NA,NA,NA,NA,NA,NA,NA,NA,NA,NA,NA,NA,NA,NA,NA,NA,NA,NA,NA,NA,NA,NA,NA,NA,NA,NA,NA,NA,NA,NA,NA,NA,NA,"WM"
"103","WM-012","W","M",NA,32.14444444,NA,0.022222222,0.977777778,0,NA,NA,NA,NA,NA,0,0.044444444,0.011111111,0.011111111,0.933333333,2.483146067,NA,2.842696629,NA,2.840909091,NA,2.5,NA,2.404494382,NA,2.481481481,NA,1.674157303,NA,1.921348315,NA,4.550561798,NA,3.956521739,NA,3.157303371,NA,"4.346153846",NA,1.786516854,NA,2.505617978,NA,3.359550562,NA,1.886363636,NA,NA,NA,NA,NA,NA,NA,143,214.5,256,84.5,1072,65.5,65,65.25,162,161,161.5,709,558,760.5,375.5,415,427,410,17,371,388.5,379.75,17.5,NA,210,486.5,477,481.75,355.5,332,343.75,NA,NA,NA,NA,NA,NA,NA,NA,NA,NA,NA,NA,NA,NA,NA,0.661380597,1.270609319,0.837890625,0.078824627,0.404024768,0.060867537,0.350279851,0.354244403,0.195895522,0.320662313,0.449393657,0.140858209,0.520522388,1.83253012,90,NA,NA,NA,NA,NA,NA,NA,NA,NA,NA,NA,NA,NA,NA,NA,NA,NA,NA,NA,NA,NA,NA,NA,NA,NA,NA,NA,NA,NA,NA,NA,NA,NA,"WM"
"104","WF-236","W","F",NA,26.38461538,NA,1,0,0,NA,NA,NA,NA,NA,0,0.08,0.16,0.04,0.72,1.692307692,NA,1.576923077,NA,4.576923077,NA,2.615384615,NA,1.72,NA,2.25,NA,5.538461538,NA,3.230769231,NA,1.5,NA,2.888888889,NA,2.076923077,NA,".",NA,1.730769231,NA,1.576923077,NA,3.6,NA,1.884615385,NA,NA,NA,NA,NA,NA,NA,172,219.5,259,144.5,1194.5,43.5,42,42.75,153.5,160,156.75,632,488,798,399,441,439.5,446,6.5,389,386.5,387.75,2.5,NA,221.5,467.5,467,467.25,272,319.5,295.75,NA,NA,NA,NA,NA,NA,NA,NA,NA,NA,NA,NA,NA,NA,NA,0.52909167,1.295081967,0.847490347,0.120971118,0.272727273,0.035789033,0.334030975,0.324612809,0.185433236,0.247593135,0.391167853,144,0.408539138,1.80952381,25,NA,NA,NA,NA,NA,NA,NA,NA,NA,NA,NA,NA,NA,NA,NA,NA,NA,NA,NA,NA,NA,NA,NA,NA,NA,NA,NA,NA,NA,NA,NA,NA,NA,"WF"
"105","WM-014","W","M",NA,33.71428571,NA,0,1,0,NA,NA,NA,NA,NA,0,0.011904762,0,0.011904762,0.976190476,2.084337349,NA,2.285714286,NA,3.476190476,NA,2.464285714,NA,2.178571429,NA,3.4,NA,1.94047619,NA,3.25,NA,4.869047619,NA,3.630434783,NA,2.416666667,NA,"4.346153846",NA,1.833333333,NA,2.333333333,NA,3.80952381,NA,1.880952381,NA,NA,NA,NA,NA,NA,NA,137.5,231.5,246,86.5,1158,51,46,48.5,167,165,166,687,639.5,800.5,462,441,479.5,469.5,10,387.5,386.5,387,1,NA,221,486,482.5,484.25,416.5,416,416.25,NA,NA,NA,NA,NA,NA,NA,NA,NA,NA,NA,NA,NA,NA,NA,0.593264249,1.074276779,0.941056911,0.074697755,0.292168675,0.041882556,0.398963731,0.334196891,0.190846287,0.359455959,0.418177893,0.041018998,0.55224525,1.815192744,84,NA,NA,NA,NA,NA,NA,NA,NA,NA,NA,NA,NA,NA,NA,NA,NA,NA,NA,NA,NA,NA,NA,NA,NA,NA,NA,NA,NA,NA,NA,NA,NA,NA,"WM"
"106","WF-238","W","F",NA,25.24,NA,1,0,0,NA,NA,NA,NA,NA,0,0.04,0.12,0,0.84,1.52,NA,1.416666667,NA,4.8,NA,2.48,NA,1.68,NA,2.24,NA,5.6,NA,3.72,NA,1.52,NA,3.391304348,NA,1.72,NA,".",NA,1.72,NA,1.56,NA,3.92,NA,1.88,NA,NA,NA,NA,NA,NA,NA,173.5,227.5,239.5,112,1183,42,45.5,43.75,157.5,161,159.25,637,513.5,799.5,491,416.5,496.5,482.5,14,366,367,366.5,1,NA,203,434,440.5,437.25,374.5,359.5,367,NA,NA,NA,NA,NA,NA,NA,NA,NA,NA,NA,NA,NA,NA,NA,0.538461538,1.240506329,0.949895616,0.094674556,0.274725275,0.036982249,0.415046492,0.309805579,0.171597633,0.310228233,0.369611158,123.5,0.434065934,1.919567827,25,NA,NA,NA,NA,NA,NA,NA,NA,NA,NA,NA,NA,NA,NA,NA,NA,NA,NA,NA,NA,NA,NA,NA,NA,NA,NA,NA,NA,NA,NA,NA,NA,NA,"WF"
"107","WF-005","W","F",NA,22.39325843,NA,1,0,0,NA,NA,NA,NA,NA,0,0,0,0,1,1.91011236,NA,1.764044944,NA,3.033707865,NA,2.123595506,NA,1.662921348,NA,1.72,NA,4.382022472,NA,2.340909091,NA,1.738636364,NA,4.209302326,NA,2.426966292,NA,"3.730769231",NA,1.730337079,NA,1.516853933,NA,3.752808989,NA,1.875,NA,NA,NA,NA,NA,NA,NA,160.5,199,275,101,1135,77.5,76,76.75,167,169,168,692.5,565,789,471,418.5,441,446.5,5.5,365.5,367,366.25,1.5,NA,197,456.5,459.5,458,352,357,354.5,NA,NA,NA,NA,NA,NA,NA,NA,NA,NA,NA,NA,NA,NA,NA,0.610132159,1.225663717,0.723636364,0.088986784,0.456845238,0.067621145,0.414977974,0.322687225,0.173568282,0.312334802,0.403524229,0.112334802,0.497797357,1.885304659,89,NA,NA,NA,NA,NA,NA,NA,NA,NA,NA,NA,NA,NA,NA,NA,NA,NA,NA,NA,NA,NA,NA,NA,NA,NA,NA,NA,NA,NA,NA,NA,NA,NA,"WF"
"108","WM-229","W","M",NA,24.69565217,NA,0,1,0,NA,NA,NA,NA,NA,0,0,0,0,1,1.791666667,NA,2.695652174,NA,2.791666667,NA,2.083333333,NA,1.875,NA,2.625,NA,1.25,NA,1.913043478,NA,4.125,NA,4,NA,2.166666667,NA,".",NA,1.416666667,NA,2.291666667,NA,2.958333333,NA,1.875,NA,NA,NA,NA,NA,NA,NA,171.5,217.5,269,123.5,1232.5,62,57,59.5,173,168,170.5,670,527.5,822,450,426,465,460,5,392,396,394,4,NA,264,483,483,483,373.5,363.5,368.5,NA,NA,NA,NA,NA,NA,NA,NA,NA,NA,NA,NA,NA,NA,NA,0.543610548,1.27014218,0.808550186,0.10020284,0.348973607,0.048275862,0.365111562,0.319675456,0.214198783,0.298985801,0.39188641,142.5,0.427991886,1.929577465,24,NA,NA,NA,NA,NA,NA,NA,NA,NA,NA,NA,NA,NA,NA,NA,NA,NA,NA,NA,NA,NA,NA,NA,NA,NA,NA,NA,NA,NA,NA,NA,NA,NA,"WM"
"109","WF-213","W","F",NA,25.65517241,NA,1,0,0,NA,NA,NA,NA,NA,0,0,0,0,1,1.448275862,NA,2.592592593,NA,3.24137931,NA,1.896551724,NA,2.482758621,NA,2.862068966,NA,4.142857143,NA,1.75862069,NA,2.103448276,NA,4.066666667,NA,1.689655172,NA,".",NA,1.310344828,NA,2.344827586,NA,3,NA,1.862068966,NA,NA,NA,NA,NA,NA,NA,173,206.5,319,96,1180,63,61.5,62.25,171.5,170,170.75,629,464.5,824,477,451,489.5,485.5,4,386,399.5,392.75,13.5,NA,216,412,420,416,387.5,387,387.25,NA,NA,NA,NA,NA,NA,NA,NA,NA,NA,NA,NA,NA,NA,NA,0.533050847,1.354144241,0.647335423,0.081355932,0.364568082,0.052754237,0.404237288,0.332838983,0.183050847,0.328177966,0.352542373,164.5,0.393644068,1.827050998,29,NA,NA,NA,NA,NA,NA,NA,NA,NA,NA,NA,NA,NA,NA,NA,NA,NA,NA,NA,NA,NA,NA,NA,NA,NA,NA,NA,NA,NA,NA,NA,NA,NA,"WF"
"110","WF-011","W","F",NA,24.04166667,NA,0.989361702,0.010638298,0,NA,NA,NA,NA,NA,0,0,0,0,1,1.946808511,NA,1.968085106,NA,4.129032258,NA,2.870967742,NA,1.88172043,NA,2.172413793,NA,5.138297872,NA,2.425531915,NA,1.70212766,NA,4.547619048,NA,2.483870968,NA,"4.653846154",NA,1.521276596,NA,1.861702128,NA,3.70212766,NA,1.827956989,NA,NA,NA,NA,NA,NA,NA,157.5,168.5,243,84.5,1073,58.5,61,59.75,152.5,155,153.75,666,562.5,780,416,433,418.5,423,4.5,364.5,370,367.25,5.5,NA,194,442.5,439,440.75,355.5,350,352.75,NA,NA,NA,NA,NA,NA,NA,NA,NA,NA,NA,NA,NA,NA,NA,0.620689655,1.184,0.693415638,0.078751165,0.388617886,0.055684995,0.387698043,0.342264678,0.180801491,0.328751165,0.410764212,0.096458527,0.524231128,1.801385681,95,NA,NA,NA,NA,NA,NA,NA,NA,NA,NA,NA,NA,NA,NA,NA,NA,NA,NA,NA,NA,NA,NA,NA,NA,NA,NA,NA,NA,NA,NA,NA,NA,NA,"WF"
"111","WF-013","W","F",NA,26.42391304,NA,0.989130435,0.010869565,0,NA,NA,NA,NA,NA,0.010869565,0.032608696,0.010869565,0,0.945652174,1.714285714,NA,1.549450549,NA,3.565217391,NA,3.010869565,NA,1.597826087,NA,2.222222222,NA,4.576086957,NA,3.597826087,NA,1.934782609,NA,3.775510204,NA,1.923913043,NA,"4.2",NA,1.75,NA,1.543478261,NA,4.010869565,NA,1.824175824,NA,NA,NA,NA,NA,NA,NA,154.5,192,273,104.5,1199.5,60,56.5,58.25,156.5,158.5,157.5,675.5,580,778,477,435,487.5,473,14.5,374,387.5,380.75,13.5,NA,216.5,486,480.5,483.25,389.5,390,389.75,NA,NA,NA,NA,NA,NA,NA,NA,NA,NA,NA,NA,NA,NA,NA,0.563151313,1.164655172,0.703296703,0.087119633,0.36984127,0.048561901,0.397665694,0.317423927,0.180491872,0.324927053,0.402876198,0.079616507,0.483534806,1.788505747,92,NA,NA,NA,NA,NA,NA,NA,NA,NA,NA,NA,NA,NA,NA,NA,NA,NA,NA,NA,NA,NA,NA,NA,NA,NA,NA,NA,NA,NA,NA,NA,NA,NA,"WF"
"112","WF-219","W","F",NA,24.65384615,NA,1,0,0,NA,NA,NA,NA,NA,0,0.076923077,0,0,0.923076923,1.846153846,NA,3.115384615,NA,3.884615385,NA,1.884615385,NA,2.461538462,NA,3.153846154,NA,4.807692308,NA,1.730769231,NA,1.961538462,NA,3.289473684,NA,2.115384615,NA,".",NA,1.423076923,NA,2.36,NA,3.269230769,NA,1.807692308,NA,NA,NA,NA,NA,NA,NA,166,222,267,157.5,1165,60.5,54.5,57.5,164,159,161.5,661,500,810,418,442,425.5,414.5,11,402,399,400.5,3,NA,194.5,463,474,468.5,349.5,345,347.25,NA,NA,NA,NA,NA,NA,NA,NA,NA,NA,NA,NA,NA,NA,NA,0.567381974,1.322,0.831460674,0.135193133,0.356037152,0.049356223,0.358798283,0.343776824,0.16695279,0.29806867,0.402145923,161,0.429184549,1.832579186,26,NA,NA,NA,NA,NA,NA,NA,NA,NA,NA,NA,NA,NA,NA,NA,NA,NA,NA,NA,NA,NA,NA,NA,NA,NA,NA,NA,NA,NA,NA,NA,NA,NA,"WF"
"113","WF-033","W","F",NA,32.04040404,NA,1,0,0,NA,NA,NA,NA,NA,0,0.01010101,0,0,0.98989899,1.95959596,NA,2.212121212,NA,3.393939394,NA,2.363636364,NA,2,NA,2.5,NA,4.515151515,NA,2.797979798,NA,2.242424242,NA,3.911111111,NA,2.316326531,NA,"4.538461538",NA,1.98989899,NA,1.828282828,NA,3.858585859,NA,1.795918367,NA,NA,NA,NA,NA,NA,NA,159,206.5,210.5,90.5,1031.5,54.5,57.5,56,152.5,154.5,153.5,711,661.5,807,392.5,407,425,430,5,343.5,335.5,339.5,8,NA,204,433,417.5,425.25,330,342,336,NA,NA,NA,NA,NA,NA,NA,NA,NA,NA,NA,NA,NA,NA,NA,0.689287445,1.074829932,0.980997625,0.087736306,0.364820847,0.054289869,0.380513815,0.329132332,0.197770238,0.325739215,0.412263694,0.047988366,0.641299079,1.982800983,99,NA,NA,NA,NA,NA,NA,NA,NA,NA,NA,NA,NA,NA,NA,NA,NA,NA,NA,NA,NA,NA,NA,NA,NA,NA,NA,NA,NA,NA,NA,NA,NA,NA,"WF"
"114","WF-249","W","F",NA,29.42857143,NA,0.964285714,0.035714286,0.035714286,NA,NA,NA,NA,NA,0,0.535714286,0.107142857,0.071428571,0.25,2.035714286,NA,3.392857143,NA,2.535714286,NA,1.964285714,NA,2.464285714,NA,3.357142857,NA,4.37037037,NA,1.925925926,NA,1.888888889,NA,1.571428571,NA,2.821428571,NA,".",NA,1.535714286,NA,2.607142857,NA,3,NA,1.785714286,NA,NA,NA,NA,NA,NA,NA,182,209,215.5,103,1091,52.5,56,54.25,156,162,159,635.5,453,790.5,460,403,465.5,456.5,9,344,338,341,6,NA,184,396.5,390.5,393.5,369.5,311.5,340.5,NA,NA,NA,NA,NA,NA,NA,NA,NA,NA,NA,NA,NA,NA,NA,0.582493126,1.402869757,0.969837587,0.094408799,0.341194969,0.049725023,0.421631531,0.312557287,0.168652612,0.312098992,0.360678277,182.5,0.415215399,1.961538462,28,NA,NA,NA,NA,NA,NA,NA,NA,NA,NA,NA,NA,NA,NA,NA,NA,NA,NA,NA,NA,NA,NA,NA,NA,NA,NA,NA,NA,NA,NA,NA,NA,NA,"WF"
"115","WF-230","W","F",NA,22.76,NA,1,0,0,NA,NA,NA,NA,NA,0,0,0,0,1,2.583333333,NA,3.32,NA,3.64,NA,2.52,NA,2.68,NA,3,NA,5.16,NA,1.56,NA,1.64,NA,3.522727273,NA,3.68,NA,".",NA,1.28,NA,2.12,NA,3,NA,1.76,NA,NA,NA,NA,NA,NA,NA,177.5,214,280.5,118.5,1195,55.5,56.5,56,176.5,171.5,174,630.5,477,795,489,436.5,488,487,1,377.5,374.5,376,3,NA,215,439,440,439.5,388,385.5,386.75,NA,NA,NA,NA,NA,NA,NA,NA,NA,NA,NA,NA,NA,NA,NA,0.527615063,1.321802935,0.762923351,0.09916318,0.32183908,0.046861925,0.409205021,0.314644351,0.179916318,0.323640167,0.367782427,153.5,0.39916318,1.821305842,25,NA,NA,NA,NA,NA,NA,NA,NA,NA,NA,NA,NA,NA,NA,NA,NA,NA,NA,NA,NA,NA,NA,NA,NA,NA,NA,NA,NA,NA,NA,NA,NA,NA,"WF"
"116","WF-203","W","F",NA,23.55555556,NA,1,0,0,NA,NA,NA,NA,NA,0,0.444444444,0.074074074,0.037037037,0.444444444,1.518518519,NA,1.444444444,NA,3.730769231,NA,3.148148148,NA,1.423076923,NA,2.222222222,NA,4.222222222,NA,3.461538462,NA,1.925925926,NA,2.022222222,NA,1.538461538,NA,".",NA,1.444444444,NA,1.481481481,NA,4.518518519,NA,1.740740741,NA,NA,NA,NA,NA,NA,NA,168,237,248.5,114.5,1135.5,57,61,59,162,160,161,616.5,497,788,429.5,424,436,436,0,349,350,349.5,1,NA,233.5,444.5,458,451.25,317.5,318,317.75,NA,NA,NA,NA,NA,NA,NA,NA,NA,NA,NA,NA,NA,NA,NA,0.542932629,1.240442656,0.953722334,0.100836636,0.366459627,0.051959489,0.378247468,0.307793923,0.205636284,0.279832673,0.397402026,119.5,0.437692646,1.858490566,27,NA,NA,NA,NA,NA,NA,NA,NA,NA,NA,NA,NA,NA,NA,NA,NA,NA,NA,NA,NA,NA,NA,NA,NA,NA,NA,NA,NA,NA,NA,NA,NA,NA,"WF"
"117","WF-232","W","F",NA,25.27586207,NA,1,0,0,NA,NA,NA,NA,NA,0,0.034482759,0.034482759,0,0.931034483,1.482758621,NA,1.862068966,NA,4.206896552,NA,2,NA,1.642857143,NA,2.068965517,NA,5.034482759,NA,2.379310345,NA,1.275862069,NA,3.395833333,NA,2.214285714,NA,".",NA,1.344827586,NA,1.344827586,NA,3.821428571,NA,1.724137931,NA,NA,NA,NA,NA,NA,NA,175,209.5,280,104.5,1168,59.5,64,61.75,170,179.5,174.75,615,479.5,791,473.5,439,486,485.5,0.5,398,386,392,12,NA,201,433,426.5,429.75,388,381,384.5,NA,NA,NA,NA,NA,NA,NA,NA,NA,NA,NA,NA,NA,NA,NA,0.526541096,1.282586027,0.748214286,0.089469178,0.353361946,0.052868151,0.405393836,0.335616438,0.172089041,0.329195205,0.367936644,135.5,0.410530822,1.801822323,29,NA,NA,NA,NA,NA,NA,NA,NA,NA,NA,NA,NA,NA,NA,NA,NA,NA,NA,NA,NA,NA,NA,NA,NA,NA,NA,NA,NA,NA,NA,NA,NA,NA,"WF"
"118","WF-231","W","F",NA,26.31034483,NA,1,0,0,NA,NA,NA,NA,NA,0,0,0,0,1,2.034482759,NA,3.413793103,NA,3.857142857,NA,2.035714286,NA,2.586206897,NA,2.586206897,NA,5.310344828,NA,2.172413793,NA,1.448275862,NA,4.5625,NA,2.724137931,NA,".",NA,1.620689655,NA,2.344827586,NA,3.344827586,NA,1.724137931,NA,NA,NA,NA,NA,NA,NA,176,198.5,271,116.5,1211.5,75.5,73,74.25,178,175.5,176.75,626.5,485,787,435,454.5,452,454,2,392.5,383,387.75,9.5,NA,250.5,481,471.5,476.25,322,331.5,326.75,NA,NA,NA,NA,NA,NA,NA,NA,NA,NA,NA,NA,NA,NA,NA,0.517127528,1.291752577,0.732472325,0.096161783,0.420084866,0.06128766,0.359059018,0.32005778,0.206768469,0.269706975,0.393107718,141.5,0.400330169,1.731573157,28,NA,NA,NA,NA,NA,NA,NA,NA,NA,NA,NA,NA,NA,NA,NA,NA,NA,NA,NA,NA,NA,NA,NA,NA,NA,NA,NA,NA,NA,NA,NA,NA,NA,"WF"
"119","WF-241","W","F",NA,32.68,NA,1,0,0,NA,NA,NA,NA,NA,0,0.2,0.08,0,0.72,2.8,NA,1.6,NA,2.88,NA,1.92,NA,1.6,NA,1.92,NA,4.6,NA,1.875,NA,1.8,NA,3.265306122,NA,3.32,NA,".",NA,1.72,NA,1.56,NA,3.4,NA,1.72,NA,NA,NA,NA,NA,NA,NA,160.5,248.5,298.5,70,1186,55.5,57,56.25,168,178,173,626.5,476.5,814,445,487.5,443,462,19,428,420.5,424.25,7.5,NA,225,457,449.5,453.25,329,354,341.5,NA,NA,NA,NA,NA,NA,NA,NA,NA,NA,NA,NA,NA,NA,NA,0.528246206,1.314795383,0.832495812,0.059021922,0.325144509,0.047428331,0.375210793,0.357715008,0.189713322,0.287942664,0.382166948,150,0.401770658,1.66974359,25,NA,NA,NA,NA,NA,NA,NA,NA,NA,NA,NA,NA,NA,NA,NA,NA,NA,NA,NA,NA,NA,NA,NA,NA,NA,NA,NA,NA,NA,NA,NA,NA,NA,"WF"
"120","WM-209","W","M",NA,20.39285714,NA,0,1,0,NA,NA,NA,NA,NA,0,0,0.035714286,0,0.964285714,2.222222222,NA,1.571428571,NA,3.535714286,NA,3.607142857,NA,1.821428571,NA,1.821428571,NA,2.142857143,NA,2.357142857,NA,3.607142857,NA,3.98,NA,2.269230769,NA,".",NA,1.892857143,NA,1.821428571,NA,3.535714286,NA,1.714285714,NA,NA,NA,NA,NA,NA,NA,173,237,278,124.5,1155,66.5,67.5,67,171.5,164,167.75,641,531.5,796,442.5,397.5,442,435,7,361.5,363.5,362.5,2,NA,224.5,449.5,450,449.75,369,370.5,369.75,NA,NA,NA,NA,NA,NA,NA,NA,NA,NA,NA,NA,NA,NA,NA,0.554978355,1.206020696,0.852517986,0.107792208,0.399403875,0.058008658,0.383116883,0.313852814,0.194372294,0.32012987,0.389393939,109.5,0.46017316,2.002515723,28,NA,NA,NA,NA,NA,NA,NA,NA,NA,NA,NA,NA,NA,NA,NA,NA,NA,NA,NA,NA,NA,NA,NA,NA,NA,NA,NA,NA,NA,NA,NA,NA,NA,"WM"
"121","WF-008","W","F",NA,30.21052632,NA,1,0,0,NA,NA,NA,NA,NA,0,0,0,0,1,2.053191489,NA,1.787234043,NA,2.734042553,NA,2.595744681,NA,1.744680851,NA,2.25,NA,4,NA,2.946808511,NA,2.265957447,NA,4.564102564,NA,2.14893617,NA,"4.307692308",NA,2.095744681,NA,1.574468085,NA,3.88172043,NA,1.680851064,NA,NA,NA,NA,NA,NA,NA,168,185.5,214.5,101,1081.5,61.5,58.5,60,164,160.5,162.25,673,610,770,409.5,413,412,387,25,342.5,350,346.25,7.5,NA,219.5,465.5,455.5,460.5,346,308,327,NA,NA,NA,NA,NA,NA,NA,NA,NA,NA,NA,NA,NA,NA,NA,0.622283865,1.103278689,0.864801865,0.093388812,0.369799692,0.055478502,0.378640777,0.320157189,0.202958853,0.302357836,0.425797503,0.058252427,0.564031438,1.86440678,95,NA,NA,NA,NA,NA,NA,NA,NA,NA,NA,NA,NA,NA,NA,NA,NA,NA,NA,NA,NA,NA,NA,NA,NA,NA,NA,NA,NA,NA,NA,NA,NA,NA,"WF"
"122","WM-235","W","M",NA,20.75,NA,0.035714286,0.964285714,0,NA,NA,NA,NA,NA,0,0,0,0,1,1.428571429,NA,3,NA,3.357142857,NA,2.464285714,NA,2.037037037,NA,3.074074074,NA,1.571428571,NA,1.678571429,NA,4.321428571,NA,4.25,NA,2.074074074,NA,".",NA,1.357142857,NA,3,NA,2.571428571,NA,1.678571429,NA,NA,NA,NA,NA,NA,NA,176.5,214.5,248,114,1108,43,46.5,44.75,165,163.5,164.25,639.5,506,788.5,411.5,408,417.5,412,5.5,385,378,381.5,7,NA,205.5,433.5,432.5,433,348.5,330,339.25,NA,NA,NA,NA,NA,NA,NA,NA,NA,NA,NA,NA,NA,NA,NA,0.577166065,1.263833992,0.864919355,0.102888087,0.272450533,0.040388087,0.371389892,0.344314079,0.185469314,0.30618231,0.390794224,133.5,0.4566787,1.932598039,28,NA,NA,NA,NA,NA,NA,NA,NA,NA,NA,NA,NA,NA,NA,NA,NA,NA,NA,NA,NA,NA,NA,NA,NA,NA,NA,NA,NA,NA,NA,NA,NA,NA,"WM"
"123","WF-247","W","F",NA,26.41666667,NA,1,0,0,NA,NA,NA,NA,NA,0,0,0,0,1,1.708333333,NA,2.25,NA,3.25,NA,2.291666667,NA,2.208333333,NA,2.652173913,NA,4.826086957,NA,2.416666667,NA,1.583333333,NA,3.56097561,NA,2,NA,".",NA,1.708333333,NA,1.875,NA,3.608695652,NA,1.666666667,NA,NA,NA,NA,NA,NA,NA,183,207,270,111.5,1215,54,55.5,54.75,166,166,166,637.5,460,803,510.5,425,489.5,497,7.5,377.5,376.5,377,1,NA,197.5,422.5,422,422.25,395.5,390.5,393,NA,NA,NA,NA,NA,NA,NA,NA,NA,NA,NA,NA,NA,NA,NA,0.524691358,1.385869565,0.766666667,0.091769547,0.329819277,0.045061728,0.420164609,0.310288066,0.16255144,0.32345679,0.347530864,177.5,0.378600823,1.889411765,23,NA,NA,NA,NA,NA,NA,NA,NA,NA,NA,NA,NA,NA,NA,NA,NA,NA,NA,NA,NA,NA,NA,NA,NA,NA,NA,NA,NA,NA,NA,NA,NA,NA,"WF"
"124","WM-208","W","M",NA,26.13793103,NA,0,1,0,NA,NA,NA,NA,NA,0,0.034482759,0,0,0.965517241,1.928571429,NA,1.678571429,NA,2.655172414,NA,3.724137931,NA,1.827586207,NA,2.178571429,NA,2.034482759,NA,3.24137931,NA,3.310344828,NA,3.732142857,NA,2,NA,".",NA,1.965517241,NA,1.655172414,NA,3.586206897,NA,1.655172414,NA,NA,NA,NA,NA,NA,NA,168.5,234,271.5,91.5,1048,54,58.5,56.25,159,149.5,154.25,633,585,780,385,394.5,392.5,387,5.5,359.5,351,355.25,8.5,NA,216.5,420.5,419.5,420,326.5,311.5,319,NA,NA,NA,NA,NA,NA,NA,NA,NA,NA,NA,NA,NA,NA,NA,0.604007634,1.082051282,0.861878453,0.08730916,0.364667747,0.053673664,0.367366412,0.338979008,0.206583969,0.304389313,0.400763359,48,0.558206107,1.977186312,29,NA,NA,NA,NA,NA,NA,NA,NA,NA,NA,NA,NA,NA,NA,NA,NA,NA,NA,NA,NA,NA,NA,NA,NA,NA,NA,NA,NA,NA,NA,NA,NA,NA,"WM"
"125","WF-226","W","F",NA,32.23809524,NA,1,0,0,NA,NA,NA,NA,NA,0,0.095238095,0,0.047619048,0.857142857,1.619047619,NA,2.095238095,NA,2.714285714,NA,2.333333333,NA,1.8,NA,2.19047619,NA,4.142857143,NA,1.904761905,NA,1.789473684,NA,3.111111111,NA,2.047619048,NA,".",NA,1.333333333,NA,1.7,NA,3.15,NA,1.65,NA,NA,NA,NA,NA,NA,NA,172.5,219,239.5,94,1144.5,56.5,60,58.25,165,164.5,164.75,633,488.5,797.5,424.5,439,457,463.5,6.5,379.5,377,378.25,2.5,NA,204.5,425.5,421.5,423.5,349,370,359.5,NA,NA,NA,NA,NA,NA,NA,NA,NA,NA,NA,NA,NA,NA,NA,0.553079948,1.29580348,0.91440501,0.082131935,0.353566009,0.050895588,0.370904325,0.330493665,0.178680647,0.314110965,0.370030581,144.5,0.426823941,1.816628702,21,NA,NA,NA,NA,NA,NA,NA,NA,NA,NA,NA,NA,NA,NA,NA,NA,NA,NA,NA,NA,NA,NA,NA,NA,NA,NA,NA,NA,NA,NA,NA,NA,NA,"WF"
"126","WM-219","W","M",NA,22.16666667,NA,0,1,0,NA,NA,NA,NA,NA,0,0,0,0,1,1.708333333,NA,2,NA,2.958333333,NA,2.347826087,NA,1.458333333,NA,2.833333333,NA,1.791666667,NA,1.75,NA,4.583333333,NA,4.096153846,NA,3.166666667,NA,".",NA,1.708333333,NA,1.75,NA,3.25,NA,1.625,NA,NA,NA,NA,NA,NA,NA,173,232.5,300,73.5,1086,62.5,60,61.25,163,163.5,163.25,652,506,810,364,456.5,349.5,378,28.5,419,407.5,413.25,11.5,NA,235,439.5,432,435.75,243.5,287,265.25,NA,NA,NA,NA,NA,NA,NA,NA,NA,NA,NA,NA,NA,NA,NA,0.600368324,1.288537549,0.775,0.067679558,0.375191424,0.056399632,0.335174954,0.380524862,0.216390424,0.244244936,0.401243094,146,0.465930018,1.774370208,24,NA,NA,NA,NA,NA,NA,NA,NA,NA,NA,NA,NA,NA,NA,NA,NA,NA,NA,NA,NA,NA,NA,NA,NA,NA,NA,NA,NA,NA,NA,NA,NA,NA,"WM"
"127","WF-208","W","F",NA,26.44444444,NA,0.962962963,0.037037037,0,NA,NA,NA,NA,NA,0,0,0,0,1,2.038461538,NA,1.84,NA,3.962962963,NA,1.740740741,NA,1.653846154,NA,2.230769231,NA,5.074074074,NA,2.333333333,NA,1.444444444,NA,3.674418605,NA,2.444444444,NA,".",NA,1.37037037,NA,1.740740741,NA,3.62962963,NA,1.592592593,NA,NA,NA,NA,NA,NA,NA,174.5,204.5,271.5,110.5,1211.5,60.5,65.5,63,173.5,174.5,174,631.5,489.5,812.5,476,430.5,465,483.5,18.5,376,379.5,377.75,3.5,NA,238.5,468,462.5,465.25,306.5,368.5,337.5,NA,NA,NA,NA,NA,NA,NA,NA,NA,NA,NA,NA,NA,NA,NA,0.521254643,1.290091931,0.753222836,0.091209245,0.362068966,0.052001651,0.392901362,0.311803549,0.196863392,0.278580272,0.384028064,142,0.404044573,1.887340302,27,NA,NA,NA,NA,NA,NA,NA,NA,NA,NA,NA,NA,NA,NA,NA,NA,NA,NA,NA,NA,NA,NA,NA,NA,NA,NA,NA,NA,NA,NA,NA,NA,NA,"WF"
"128","WM-203","W","M",NA,29.25,NA,0,1,0,NA,NA,NA,NA,NA,0,0,0,0,1,1.416666667,NA,2.333333333,NA,3.5,NA,2.347826087,NA,1.916666667,NA,3.25,NA,1.333333333,NA,2.125,NA,4.869565217,NA,4.389830508,NA,2.375,NA,".",NA,1.416666667,NA,2.5,NA,3.541666667,NA,1.541666667,NA,NA,NA,NA,NA,NA,NA,150,224.5,255.5,85,1206,62,55.5,58.75,159,155.5,157.25,631.5,497,807.5,457,421,477,486,9,396,395.5,395.75,0.5,NA,269,484,461.5,472.75,420,422,421,NA,NA,NA,NA,NA,NA,NA,NA,NA,NA,NA,NA,NA,NA,NA,0.523631841,1.270623742,0.878669276,0.070480929,0.373608903,0.04871476,0.37893864,0.328150912,0.22305141,0.349087894,0.391998342,134.5,0.412106136,1.918052257,24,NA,NA,NA,NA,NA,NA,NA,NA,NA,NA,NA,NA,NA,NA,NA,NA,NA,NA,NA,NA,NA,NA,NA,NA,NA,NA,NA,NA,NA,NA,NA,NA,NA,"WM"
"129","WM-254","W","M",NA,30.30769231,NA,0,1,0,NA,NA,NA,NA,NA,0,0,0,0,1,1.307692308,NA,2.076923077,NA,3.153846154,NA,2.076923077,NA,1.615384615,NA,3.230769231,NA,1.230769231,NA,2.538461538,NA,4.807692308,NA,4.14893617,NA,1.269230769,NA,".",NA,1.153846154,NA,2,NA,3.230769231,NA,1.307692308,NA,NA,NA,NA,NA,NA,NA,174,244,203.5,75.5,1145.5,51,53.5,52.25,166,163,164.5,626.5,527.5,790,453,403,451.5,458,6.5,383.5,380,381.75,3.5,NA,238,448.5,462,455.25,370.5,380,375.25,NA,NA,NA,NA,NA,NA,NA,NA,NA,NA,NA,NA,NA,NA,NA,0.546922741,1.187677725,1.199017199,0.065910083,0.317629179,0.045613269,0.395460498,0.333260585,0.207769533,0.327586207,0.397424705,99,0.460497599,1.960297767,26,NA,NA,NA,NA,NA,NA,NA,NA,NA,NA,NA,NA,NA,NA,NA,NA,NA,NA,NA,NA,NA,NA,NA,NA,NA,NA,NA,NA,NA,NA,NA,NA,NA,"WM"
